date,fps,time,plyrName,plyrInventory,plyrArmor,plyrOffhand,plyrStatus,plyrLocation,plyrHealth,plyrHunger,plyrSat,plyrView,plyrFacing,plyrSelectedSlot,plyrSelectedItem,plyrRideState,plyrRideVehicle,plyrMomentum
2025-01-07,48.0,20:04:25.361094800,literal{minecrafter256},"[Item(name=' None', count=0, meta=''), Item(name=' None', count=0, meta=''), Item(name=' None', count=0, meta=''), Item(name=' None', count=0, meta=''), Item(name=' None', count=0, meta=''), Item(name=' None', count=0, meta=''), Item(name=' None', count=0, meta=''), Item(name=' None', count=0, meta=''), Item(name=' None', count=0, meta=''), Item(name=' None', count=0, meta=''), Item(name=' None', count=0, meta=''), Item(name=' None', count=0, meta=''), Item(name=' None', count=0, meta=''), Item(name=' None', count=0, meta=''), Item(name=' None', count=0, meta=''), Item(name=' None', count=0, meta=''), Item(name=' None', count=0, meta=''), Item(name=' None', count=0, meta=''), Item(name=' None', count=0, meta=''), Item(name=' None', count=0, meta=''), Item(name=' None', count=0, meta=''), Item(name=' None', count=0, meta=''), Item(name=' None', count=0, meta=''), Item(name=' None', count=0, meta=''), Item(name=' None', count=0, meta=''), Item(name=' None', count=0, meta=''), Item(name=' None', count=0, meta=''), Item(name=' None', count=0, meta=''), Item(name=' None', count=0, meta=''), Item(name=' None', count=0, meta=''), Item(name=' None', count=0, meta=''), Item(name=' None', count=0, meta=''), Item(name=' None', count=0, meta=''), Item(name=' None', count=0, meta=''), Item(name=' None', count=0, meta=''), Item(name=' None', count=0, meta='')]","Armor Slot 0: None, Count: 0; Armor Slot 1: None, Count: 0; Armor Slot 2: None, Count: 0; Armor Slot 3: None, Count: 0; ","Offhand: None, Count: 0; ",[],"(102.8253659885526, 73.0, 163.01956758562017)",20.0,20.0,20.0,"[-0.041491903993879316, -0.13312066381499776, -0.9902309380989958]","('west',)","(6,)","('0 minecraft:air',)","(False,)","('Player is not currently riding anything',)",0.0784000015258789
date,fps,time,plyrName,plyrInventory,plyrArmor,plyrOffhand,plyrStatus,plyrLocation,plyrHealth,plyrHunger,plyrSat,plyrView,plyrFacing,plyrSelectedSlot,plyrSelectedItem,plyrRideState,plyrRideVehicle,plyrMomentum
2025-01-07,48.0,20:04:25.384365200,literal{minecrafter256},"[Item(name=' None', count=0, meta=''), Item(name=' None', count=0, meta=''), Item(name=' None', count=0, meta=''), Item(name=' None', count=0, meta=''), Item(name=' None', count=0, meta=''), Item(name=' None', count=0, meta=''), Item(name=' None', count=0, meta=''), Item(name=' None', count=0, meta=''), Item(name=' None', count=0, meta=''), Item(name=' None', count=0, meta=''), Item(name=' None', count=0, meta=''), Item(name=' None', count=0, meta=''), Item(name=' None', count=0, meta=''), Item(name=' None', count=0, meta=''), Item(name=' None', count=0, meta=''), Item(name=' None', count=0, meta=''), Item(name=' None', count=0, meta=''), Item(name=' None', count=0, meta=''), Item(name=' None', count=0, meta=''), Item(name=' None', count=0, meta=''), Item(name=' None', count=0, meta=''), Item(name=' None', count=0, meta=''), Item(name=' None', count=0, meta=''), Item(name=' None', count=0, meta=''), Item(name=' None', count=0, meta=''), Item(name=' None', count=0, meta=''), Item(name=' None', count=0, meta=''), Item(name=' None', count=0, meta=''), Item(name=' None', count=0, meta=''), Item(name=' None', count=0, meta=''), Item(name=' None', count=0, meta=''), Item(name=' None', count=0, meta=''), Item(name=' None', count=0, meta=''), Item(name=' None', count=0, meta=''), Item(name=' None', count=0, meta=''), Item(name=' None', count=0, meta='')]","Armor Slot 0: None, Count: 0; Armor Slot 1: None, Count: 0; Armor Slot 2: None, Count: 0; Armor Slot 3: None, Count: 0; ","Offhand: None, Count: 0; ",[],"(102.8253659885526, 73.0, 163.01956758562017)",20.0,20.0,20.0,"[-0.041491903993879316, -0.13312066381499776, -0.9902309380989958]","('west',)","(6,)","('0 minecraft:air',)","(False,)","('Player is not currently riding anything',)",0.0784000015258789
date,fps,time,plyrName,plyrInventory,plyrArmor,plyrOffhand,plyrStatus,plyrLocation,plyrHealth,plyrHunger,plyrSat,plyrView,plyrFacing,plyrSelectedSlot,plyrSelectedItem,plyrRideState,plyrRideVehicle,plyrMomentum
2025-01-07,48.0,20:04:25.386875200,literal{minecrafter256},"[Item(name=' None', count=0, meta=''), Item(name=' None', count=0, meta=''), Item(name=' None', count=0, meta=''), Item(name=' None', count=0, meta=''), Item(name=' None', count=0, meta=''), Item(name=' None', count=0, meta=''), Item(name=' None', count=0, meta=''), Item(name=' None', count=0, meta=''), Item(name=' None', count=0, meta=''), Item(name=' None', count=0, meta=''), Item(name=' None', count=0, meta=''), Item(name=' None', count=0, meta=''), Item(name=' None', count=0, meta=''), Item(name=' None', count=0, meta=''), Item(name=' None', count=0, meta=''), Item(name=' None', count=0, meta=''), Item(name=' None', count=0, meta=''), Item(name=' None', count=0, meta=''), Item(name=' None', count=0, meta=''), Item(name=' None', count=0, meta=''), Item(name=' None', count=0, meta=''), Item(name=' None', count=0, meta=''), Item(name=' None', count=0, meta=''), Item(name=' None', count=0, meta=''), Item(name=' None', count=0, meta=''), Item(name=' None', count=0, meta=''), Item(name=' None', count=0, meta=''), Item(name=' None', count=0, meta=''), Item(name=' None', count=0, meta=''), Item(name=' None', count=0, meta=''), Item(name=' None', count=0, meta=''), Item(name=' None', count=0, meta=''), Item(name=' None', count=0, meta=''), Item(name=' None', count=0, meta=''), Item(name=' None', count=0, meta=''), Item(name=' None', count=0, meta='')]","Armor Slot 0: None, Count: 0; Armor Slot 1: None, Count: 0; Armor Slot 2: None, Count: 0; Armor Slot 3: None, Count: 0; ","Offhand: None, Count: 0; ",[],"(102.8253659885526, 73.0, 163.01956758562017)",20.0,20.0,20.0,"[-0.041491903993879316, -0.13312066381499776, -0.9902309380989958]","('west',)","(6,)","('0 minecraft:air',)","(False,)","('Player is not currently riding anything',)",0.0784000015258789
date,fps,time,plyrName,plyrInventory,plyrArmor,plyrOffhand,plyrStatus,plyrLocation,plyrHealth,plyrHunger,plyrSat,plyrView,plyrFacing,plyrSelectedSlot,plyrSelectedItem,plyrRideState,plyrRideVehicle,plyrMomentum
2025-01-07,48.0,20:04:25.388878400,literal{minecrafter256},"[Item(name=' None', count=0, meta=''), Item(name=' None', count=0, meta=''), Item(name=' None', count=0, meta=''), Item(name=' None', count=0, meta=''), Item(name=' None', count=0, meta=''), Item(name=' None', count=0, meta=''), Item(name=' None', count=0, meta=''), Item(name=' None', count=0, meta=''), Item(name=' None', count=0, meta=''), Item(name=' None', count=0, meta=''), Item(name=' None', count=0, meta=''), Item(name=' None', count=0, meta=''), Item(name=' None', count=0, meta=''), Item(name=' None', count=0, meta=''), Item(name=' None', count=0, meta=''), Item(name=' None', count=0, meta=''), Item(name=' None', count=0, meta=''), Item(name=' None', count=0, meta=''), Item(name=' None', count=0, meta=''), Item(name=' None', count=0, meta=''), Item(name=' None', count=0, meta=''), Item(name=' None', count=0, meta=''), Item(name=' None', count=0, meta=''), Item(name=' None', count=0, meta=''), Item(name=' None', count=0, meta=''), Item(name=' None', count=0, meta=''), Item(name=' None', count=0, meta=''), Item(name=' None', count=0, meta=''), Item(name=' None', count=0, meta=''), Item(name=' None', count=0, meta=''), Item(name=' None', count=0, meta=''), Item(name=' None', count=0, meta=''), Item(name=' None', count=0, meta=''), Item(name=' None', count=0, meta=''), Item(name=' None', count=0, meta=''), Item(name=' None', count=0, meta='')]","Armor Slot 0: None, Count: 0; Armor Slot 1: None, Count: 0; Armor Slot 2: None, Count: 0; Armor Slot 3: None, Count: 0; ","Offhand: None, Count: 0; ",[],"(102.8253659885526, 73.0, 163.01956758562017)",20.0,20.0,20.0,"[-0.041491903993879316, -0.13312066381499776, -0.9902309380989958]","('west',)","(6,)","('0 minecraft:air',)","(False,)","('Player is not currently riding anything',)",0.0784000015258789
date,fps,time,plyrName,plyrInventory,plyrArmor,plyrOffhand,plyrStatus,plyrLocation,plyrHealth,plyrHunger,plyrSat,plyrView,plyrFacing,plyrSelectedSlot,plyrSelectedItem,plyrRideState,plyrRideVehicle,plyrMomentum
2025-01-07,48.0,20:04:25.391882700,literal{minecrafter256},"[Item(name=' None', count=0, meta=''), Item(name=' None', count=0, meta=''), Item(name=' None', count=0, meta=''), Item(name=' None', count=0, meta=''), Item(name=' None', count=0, meta=''), Item(name=' None', count=0, meta=''), Item(name=' None', count=0, meta=''), Item(name=' None', count=0, meta=''), Item(name=' None', count=0, meta=''), Item(name=' None', count=0, meta=''), Item(name=' None', count=0, meta=''), Item(name=' None', count=0, meta=''), Item(name=' None', count=0, meta=''), Item(name=' None', count=0, meta=''), Item(name=' None', count=0, meta=''), Item(name=' None', count=0, meta=''), Item(name=' None', count=0, meta=''), Item(name=' None', count=0, meta=''), Item(name=' None', count=0, meta=''), Item(name=' None', count=0, meta=''), Item(name=' None', count=0, meta=''), Item(name=' None', count=0, meta=''), Item(name=' None', count=0, meta=''), Item(name=' None', count=0, meta=''), Item(name=' None', count=0, meta=''), Item(name=' None', count=0, meta=''), Item(name=' None', count=0, meta=''), Item(name=' None', count=0, meta=''), Item(name=' None', count=0, meta=''), Item(name=' None', count=0, meta=''), Item(name=' None', count=0, meta=''), Item(name=' None', count=0, meta=''), Item(name=' None', count=0, meta=''), Item(name=' None', count=0, meta=''), Item(name=' None', count=0, meta=''), Item(name=' None', count=0, meta='')]","Armor Slot 0: None, Count: 0; Armor Slot 1: None, Count: 0; Armor Slot 2: None, Count: 0; Armor Slot 3: None, Count: 0; ","Offhand: None, Count: 0; ",[],"(102.8253659885526, 73.0, 163.01956758562017)",20.0,20.0,20.0,"[-0.041491903993879316, -0.13312066381499776, -0.9902309380989958]","('west',)","(6,)","('0 minecraft:air',)","(False,)","('Player is not currently riding anything',)",0.0784000015258789
date,fps,time,plyrName,plyrInventory,plyrArmor,plyrOffhand,plyrStatus,plyrLocation,plyrHealth,plyrHunger,plyrSat,plyrView,plyrFacing,plyrSelectedSlot,plyrSelectedItem,plyrRideState,plyrRideVehicle,plyrMomentum
2025-01-07,48.0,20:04:25.426841500,literal{minecrafter256},"[Item(name=' None', count=0, meta=''), Item(name=' None', count=0, meta=''), Item(name=' None', count=0, meta=''), Item(name=' None', count=0, meta=''), Item(name=' None', count=0, meta=''), Item(name=' None', count=0, meta=''), Item(name=' None', count=0, meta=''), Item(name=' None', count=0, meta=''), Item(name=' None', count=0, meta=''), Item(name=' None', count=0, meta=''), Item(name=' None', count=0, meta=''), Item(name=' None', count=0, meta=''), Item(name=' None', count=0, meta=''), Item(name=' None', count=0, meta=''), Item(name=' None', count=0, meta=''), Item(name=' None', count=0, meta=''), Item(name=' None', count=0, meta=''), Item(name=' None', count=0, meta=''), Item(name=' None', count=0, meta=''), Item(name=' None', count=0, meta=''), Item(name=' None', count=0, meta=''), Item(name=' None', count=0, meta=''), Item(name=' None', count=0, meta=''), Item(name=' None', count=0, meta=''), Item(name=' None', count=0, meta=''), Item(name=' None', count=0, meta=''), Item(name=' None', count=0, meta=''), Item(name=' None', count=0, meta=''), Item(name=' None', count=0, meta=''), Item(name=' None', count=0, meta=''), Item(name=' None', count=0, meta=''), Item(name=' None', count=0, meta=''), Item(name=' None', count=0, meta=''), Item(name=' None', count=0, meta=''), Item(name=' None', count=0, meta=''), Item(name=' None', count=0, meta='')]","Armor Slot 0: None, Count: 0; Armor Slot 1: None, Count: 0; Armor Slot 2: None, Count: 0; Armor Slot 3: None, Count: 0; ","Offhand: None, Count: 0; ",[],"(102.8253659885526, 73.0, 163.01956758562017)",20.0,20.0,20.0,"[-0.041491903993879316, -0.13312066381499776, -0.9902309380989958]","('west',)","(6,)","('0 minecraft:air',)","(False,)","('Player is not currently riding anything',)",0.0784000015258789
date,fps,time,plyrName,plyrInventory,plyrArmor,plyrOffhand,plyrStatus,plyrLocation,plyrHealth,plyrHunger,plyrSat,plyrView,plyrFacing,plyrSelectedSlot,plyrSelectedItem,plyrRideState,plyrRideVehicle,plyrMomentum
2025-01-07,48.0,20:04:25.491001700,literal{minecrafter256},"[Item(name=' None', count=0, meta=''), Item(name=' None', count=0, meta=''), Item(name=' None', count=0, meta=''), Item(name=' None', count=0, meta=''), Item(name=' None', count=0, meta=''), Item(name=' None', count=0, meta=''), Item(name=' None', count=0, meta=''), Item(name=' None', count=0, meta=''), Item(name=' None', count=0, meta=''), Item(name=' None', count=0, meta=''), Item(name=' None', count=0, meta=''), Item(name=' None', count=0, meta=''), Item(name=' None', count=0, meta=''), Item(name=' None', count=0, meta=''), Item(name=' None', count=0, meta=''), Item(name=' None', count=0, meta=''), Item(name=' None', count=0, meta=''), Item(name=' None', count=0, meta=''), Item(name=' None', count=0, meta=''), Item(name=' None', count=0, meta=''), Item(name=' None', count=0, meta=''), Item(name=' None', count=0, meta=''), Item(name=' None', count=0, meta=''), Item(name=' None', count=0, meta=''), Item(name=' None', count=0, meta=''), Item(name=' None', count=0, meta=''), Item(name=' None', count=0, meta=''), Item(name=' None', count=0, meta=''), Item(name=' None', count=0, meta=''), Item(name=' None', count=0, meta=''), Item(name=' None', count=0, meta=''), Item(name=' None', count=0, meta=''), Item(name=' None', count=0, meta=''), Item(name=' None', count=0, meta=''), Item(name=' None', count=0, meta=''), Item(name=' None', count=0, meta='')]","Armor Slot 0: None, Count: 0; Armor Slot 1: None, Count: 0; Armor Slot 2: None, Count: 0; Armor Slot 3: None, Count: 0; ","Offhand: None, Count: 0; ",[],"(102.8253659885526, 73.0, 163.01956758562017)",20.0,20.0,20.0,"[-0.041491903993879316, -0.13312066381499776, -0.9902309380989958]","('west',)","(6,)","('0 minecraft:air',)","(False,)","('Player is not currently riding anything',)",0.0784000015258789
date,fps,time,plyrName,plyrInventory,plyrArmor,plyrOffhand,plyrStatus,plyrLocation,plyrHealth,plyrHunger,plyrSat,plyrView,plyrFacing,plyrSelectedSlot,plyrSelectedItem,plyrRideState,plyrRideVehicle,plyrMomentum
2025-01-07,48.0,20:04:25.606944,literal{minecrafter256},"[Item(name=' None', count=0, meta=''), Item(name=' None', count=0, meta=''), Item(name=' None', count=0, meta=''), Item(name=' None', count=0, meta=''), Item(name=' None', count=0, meta=''), Item(name=' None', count=0, meta=''), Item(name=' None', count=0, meta=''), Item(name=' None', count=0, meta=''), Item(name=' None', count=0, meta=''), Item(name=' None', count=0, meta=''), Item(name=' None', count=0, meta=''), Item(name=' None', count=0, meta=''), Item(name=' None', count=0, meta=''), Item(name=' None', count=0, meta=''), Item(name=' None', count=0, meta=''), Item(name=' None', count=0, meta=''), Item(name=' None', count=0, meta=''), Item(name=' None', count=0, meta=''), Item(name=' None', count=0, meta=''), Item(name=' None', count=0, meta=''), Item(name=' None', count=0, meta=''), Item(name=' None', count=0, meta=''), Item(name=' None', count=0, meta=''), Item(name=' None', count=0, meta=''), Item(name=' None', count=0, meta=''), Item(name=' None', count=0, meta=''), Item(name=' None', count=0, meta=''), Item(name=' None', count=0, meta=''), Item(name=' None', count=0, meta=''), Item(name=' None', count=0, meta=''), Item(name=' None', count=0, meta=''), Item(name=' None', count=0, meta=''), Item(name=' None', count=0, meta=''), Item(name=' None', count=0, meta=''), Item(name=' None', count=0, meta=''), Item(name=' None', count=0, meta='')]","Armor Slot 0: None, Count: 0; Armor Slot 1: None, Count: 0; Armor Slot 2: None, Count: 0; Armor Slot 3: None, Count: 0; ","Offhand: None, Count: 0; ",[],"(102.8253659885526, 73.0, 163.01956758562017)",20.0,20.0,20.0,"[-0.041491903993879316, -0.13312066381499776, -0.9902309380989958]","('west',)","(6,)","('0 minecraft:air',)","(False,)","('Player is not currently riding anything',)",0.0784000015258789
date,fps,time,plyrName,plyrInventory,plyrArmor,plyrOffhand,plyrStatus,plyrLocation,plyrHealth,plyrHunger,plyrSat,plyrView,plyrFacing,plyrSelectedSlot,plyrSelectedItem,plyrRideState,plyrRideVehicle,plyrMomentum
2025-01-07,48.0,20:04:25.622473200,literal{minecrafter256},"[Item(name=' None', count=0, meta=''), Item(name=' None', count=0, meta=''), Item(name=' None', count=0, meta=''), Item(name=' None', count=0, meta=''), Item(name=' None', count=0, meta=''), Item(name=' None', count=0, meta=''), Item(name=' None', count=0, meta=''), Item(name=' None', count=0, meta=''), Item(name=' None', count=0, meta=''), Item(name=' None', count=0, meta=''), Item(name=' None', count=0, meta=''), Item(name=' None', count=0, meta=''), Item(name=' None', count=0, meta=''), Item(name=' None', count=0, meta=''), Item(name=' None', count=0, meta=''), Item(name=' None', count=0, meta=''), Item(name=' None', count=0, meta=''), Item(name=' None', count=0, meta=''), Item(name=' None', count=0, meta=''), Item(name=' None', count=0, meta=''), Item(name=' None', count=0, meta=''), Item(name=' None', count=0, meta=''), Item(name=' None', count=0, meta=''), Item(name=' None', count=0, meta=''), Item(name=' None', count=0, meta=''), Item(name=' None', count=0, meta=''), Item(name=' None', count=0, meta=''), Item(name=' None', count=0, meta=''), Item(name=' None', count=0, meta=''), Item(name=' None', count=0, meta=''), Item(name=' None', count=0, meta=''), Item(name=' None', count=0, meta=''), Item(name=' None', count=0, meta=''), Item(name=' None', count=0, meta=''), Item(name=' None', count=0, meta=''), Item(name=' None', count=0, meta='')]","Armor Slot 0: None, Count: 0; Armor Slot 1: None, Count: 0; Armor Slot 2: None, Count: 0; Armor Slot 3: None, Count: 0; ","Offhand: None, Count: 0; ",[],"(102.8253659885526, 73.0, 163.01956758562017)",20.0,20.0,20.0,"[-0.041491903993879316, -0.13312066381499776, -0.9902309380989958]","('west',)","(6,)","('0 minecraft:air',)","(False,)","('Player is not currently riding anything',)",0.0784000015258789
date,fps,time,plyrName,plyrInventory,plyrArmor,plyrOffhand,plyrStatus,plyrLocation,plyrHealth,plyrHunger,plyrSat,plyrView,plyrFacing,plyrSelectedSlot,plyrSelectedItem,plyrRideState,plyrRideVehicle,plyrMomentum
2025-01-07,48.0,20:04:25.632515400,literal{minecrafter256},"[Item(name=' None', count=0, meta=''), Item(name=' None', count=0, meta=''), Item(name=' None', count=0, meta=''), Item(name=' None', count=0, meta=''), Item(name=' None', count=0, meta=''), Item(name=' None', count=0, meta=''), Item(name=' None', count=0, meta=''), Item(name=' None', count=0, meta=''), Item(name=' None', count=0, meta=''), Item(name=' None', count=0, meta=''), Item(name=' None', count=0, meta=''), Item(name=' None', count=0, meta=''), Item(name=' None', count=0, meta=''), Item(name=' None', count=0, meta=''), Item(name=' None', count=0, meta=''), Item(name=' None', count=0, meta=''), Item(name=' None', count=0, meta=''), Item(name=' None', count=0, meta=''), Item(name=' None', count=0, meta=''), Item(name=' None', count=0, meta=''), Item(name=' None', count=0, meta=''), Item(name=' None', count=0, meta=''), Item(name=' None', count=0, meta=''), Item(name=' None', count=0, meta=''), Item(name=' None', count=0, meta=''), Item(name=' None', count=0, meta=''), Item(name=' None', count=0, meta=''), Item(name=' None', count=0, meta=''), Item(name=' None', count=0, meta=''), Item(name=' None', count=0, meta=''), Item(name=' None', count=0, meta=''), Item(name=' None', count=0, meta=''), Item(name=' None', count=0, meta=''), Item(name=' None', count=0, meta=''), Item(name=' None', count=0, meta=''), Item(name=' None', count=0, meta='')]","Armor Slot 0: None, Count: 0; Armor Slot 1: None, Count: 0; Armor Slot 2: None, Count: 0; Armor Slot 3: None, Count: 0; ","Offhand: None, Count: 0; ",[],"(102.8253659885526, 73.0, 163.01956758562017)",20.0,20.0,20.0,"[-0.041491903993879316, -0.13312066381499776, -0.9902309380989958]","('west',)","(6,)","('0 minecraft:air',)","(False,)","('Player is not currently riding anything',)",0.0784000015258789
date,fps,time,plyrName,plyrInventory,plyrArmor,plyrOffhand,plyrStatus,plyrLocation,plyrHealth,plyrHunger,plyrSat,plyrView,plyrFacing,plyrSelectedSlot,plyrSelectedItem,plyrRideState,plyrRideVehicle,plyrMomentum
2025-01-07,31.0,20:04:25.679339800,literal{minecrafter256},"[Item(name=' None', count=0, meta=''), Item(name=' None', count=0, meta=''), Item(name=' None', count=0, meta=''), Item(name=' None', count=0, meta=''), Item(name=' None', count=0, meta=''), Item(name=' None', count=0, meta=''), Item(name=' None', count=0, meta=''), Item(name=' None', count=0, meta=''), Item(name=' None', count=0, meta=''), Item(name=' None', count=0, meta=''), Item(name=' None', count=0, meta=''), Item(name=' None', count=0, meta=''), Item(name=' None', count=0, meta=''), Item(name=' None', count=0, meta=''), Item(name=' None', count=0, meta=''), Item(name=' None', count=0, meta=''), Item(name=' None', count=0, meta=''), Item(name=' None', count=0, meta=''), Item(name=' None', count=0, meta=''), Item(name=' None', count=0, meta=''), Item(name=' None', count=0, meta=''), Item(name=' None', count=0, meta=''), Item(name=' None', count=0, meta=''), Item(name=' None', count=0, meta=''), Item(name=' None', count=0, meta=''), Item(name=' None', count=0, meta=''), Item(name=' None', count=0, meta=''), Item(name=' None', count=0, meta=''), Item(name=' None', count=0, meta=''), Item(name=' None', count=0, meta=''), Item(name=' None', count=0, meta=''), Item(name=' None', count=0, meta=''), Item(name=' None', count=0, meta=''), Item(name=' None', count=0, meta=''), Item(name=' None', count=0, meta=''), Item(name=' None', count=0, meta='')]","Armor Slot 0: None, Count: 0; Armor Slot 1: None, Count: 0; Armor Slot 2: None, Count: 0; Armor Slot 3: None, Count: 0; ","Offhand: None, Count: 0; ",[],"(102.8253659885526, 73.0, 163.01956758562017)",20.0,20.0,20.0,"[-0.041491903993879316, -0.13312066381499776, -0.9902309380989958]","('west',)","(6,)","('0 minecraft:air',)","(False,)","('Player is not currently riding anything',)",0.0784000015258789
date,fps,time,plyrName,plyrInventory,plyrArmor,plyrOffhand,plyrStatus,plyrLocation,plyrHealth,plyrHunger,plyrSat,plyrView,plyrFacing,plyrSelectedSlot,plyrSelectedItem,plyrRideState,plyrRideVehicle,plyrMomentum
2025-01-07,31.0,20:04:25.757374,literal{minecrafter256},"[Item(name=' None', count=0, meta=''), Item(name=' None', count=0, meta=''), Item(name=' None', count=0, meta=''), Item(name=' None', count=0, meta=''), Item(name=' None', count=0, meta=''), Item(name=' None', count=0, meta=''), Item(name=' None', count=0, meta=''), Item(name=' None', count=0, meta=''), Item(name=' None', count=0, meta=''), Item(name=' None', count=0, meta=''), Item(name=' None', count=0, meta=''), Item(name=' None', count=0, meta=''), Item(name=' None', count=0, meta=''), Item(name=' None', count=0, meta=''), Item(name=' None', count=0, meta=''), Item(name=' None', count=0, meta=''), Item(name=' None', count=0, meta=''), Item(name=' None', count=0, meta=''), Item(name=' None', count=0, meta=''), Item(name=' None', count=0, meta=''), Item(name=' None', count=0, meta=''), Item(name=' None', count=0, meta=''), Item(name=' None', count=0, meta=''), Item(name=' None', count=0, meta=''), Item(name=' None', count=0, meta=''), Item(name=' None', count=0, meta=''), Item(name=' None', count=0, meta=''), Item(name=' None', count=0, meta=''), Item(name=' None', count=0, meta=''), Item(name=' None', count=0, meta=''), Item(name=' None', count=0, meta=''), Item(name=' None', count=0, meta=''), Item(name=' None', count=0, meta=''), Item(name=' None', count=0, meta=''), Item(name=' None', count=0, meta=''), Item(name=' None', count=0, meta='')]","Armor Slot 0: None, Count: 0; Armor Slot 1: None, Count: 0; Armor Slot 2: None, Count: 0; Armor Slot 3: None, Count: 0; ","Offhand: None, Count: 0; ",[],"(102.8253659885526, 73.0, 163.01956758562017)",20.0,20.0,20.0,"[-0.041491903993879316, -0.13312066381499776, -0.9902309380989958]","('west',)","(6,)","('0 minecraft:air',)","(False,)","('Player is not currently riding anything',)",0.0784000015258789
date,fps,time,plyrName,plyrInventory,plyrArmor,plyrOffhand,plyrStatus,plyrLocation,plyrHealth,plyrHunger,plyrSat,plyrView,plyrFacing,plyrSelectedSlot,plyrSelectedItem,plyrRideState,plyrRideVehicle,plyrMomentum
2025-01-07,31.0,20:04:25.791935900,literal{minecrafter256},"[Item(name=' None', count=0, meta=''), Item(name=' None', count=0, meta=''), Item(name=' None', count=0, meta=''), Item(name=' None', count=0, meta=''), Item(name=' None', count=0, meta=''), Item(name=' None', count=0, meta=''), Item(name=' None', count=0, meta=''), Item(name=' None', count=0, meta=''), Item(name=' None', count=0, meta=''), Item(name=' None', count=0, meta=''), Item(name=' None', count=0, meta=''), Item(name=' None', count=0, meta=''), Item(name=' None', count=0, meta=''), Item(name=' None', count=0, meta=''), Item(name=' None', count=0, meta=''), Item(name=' None', count=0, meta=''), Item(name=' None', count=0, meta=''), Item(name=' None', count=0, meta=''), Item(name=' None', count=0, meta=''), Item(name=' None', count=0, meta=''), Item(name=' None', count=0, meta=''), Item(name=' None', count=0, meta=''), Item(name=' None', count=0, meta=''), Item(name=' None', count=0, meta=''), Item(name=' None', count=0, meta=''), Item(name=' None', count=0, meta=''), Item(name=' None', count=0, meta=''), Item(name=' None', count=0, meta=''), Item(name=' None', count=0, meta=''), Item(name=' None', count=0, meta=''), Item(name=' None', count=0, meta=''), Item(name=' None', count=0, meta=''), Item(name=' None', count=0, meta=''), Item(name=' None', count=0, meta=''), Item(name=' None', count=0, meta=''), Item(name=' None', count=0, meta='')]","Armor Slot 0: None, Count: 0; Armor Slot 1: None, Count: 0; Armor Slot 2: None, Count: 0; Armor Slot 3: None, Count: 0; ","Offhand: None, Count: 0; ",[],"(102.8253659885526, 73.0, 163.01956758562017)",20.0,20.0,20.0,"[1.1268203735289233e-05, -0.09410764385466659, -0.9955620278220493]","('west',)","(6,)","('0 minecraft:air',)","(False,)","('Player is not currently riding anything',)",0.0784000015258789
date,fps,time,plyrName,plyrInventory,plyrArmor,plyrOffhand,plyrStatus,plyrLocation,plyrHealth,plyrHunger,plyrSat,plyrView,plyrFacing,plyrSelectedSlot,plyrSelectedItem,plyrRideState,plyrRideVehicle,plyrMomentum
2025-01-07,31.0,20:04:25.832010400,literal{minecrafter256},"[Item(name=' None', count=0, meta=''), Item(name=' None', count=0, meta=''), Item(name=' None', count=0, meta=''), Item(name=' None', count=0, meta=''), Item(name=' None', count=0, meta=''), Item(name=' None', count=0, meta=''), Item(name=' None', count=0, meta=''), Item(name=' None', count=0, meta=''), Item(name=' None', count=0, meta=''), Item(name=' None', count=0, meta=''), Item(name=' None', count=0, meta=''), Item(name=' None', count=0, meta=''), Item(name=' None', count=0, meta=''), Item(name=' None', count=0, meta=''), Item(name=' None', count=0, meta=''), Item(name=' None', count=0, meta=''), Item(name=' None', count=0, meta=''), Item(name=' None', count=0, meta=''), Item(name=' None', count=0, meta=''), Item(name=' None', count=0, meta=''), Item(name=' None', count=0, meta=''), Item(name=' None', count=0, meta=''), Item(name=' None', count=0, meta=''), Item(name=' None', count=0, meta=''), Item(name=' None', count=0, meta=''), Item(name=' None', count=0, meta=''), Item(name=' None', count=0, meta=''), Item(name=' None', count=0, meta=''), Item(name=' None', count=0, meta=''), Item(name=' None', count=0, meta=''), Item(name=' None', count=0, meta=''), Item(name=' None', count=0, meta=''), Item(name=' None', count=0, meta=''), Item(name=' None', count=0, meta=''), Item(name=' None', count=0, meta=''), Item(name=' None', count=0, meta='')]","Armor Slot 0: None, Count: 0; Armor Slot 1: None, Count: 0; Armor Slot 2: None, Count: 0; Armor Slot 3: None, Count: 0; ","Offhand: None, Count: 0; ",[],"(102.8253659885526, 73.0, 163.01956758562017)",20.0,20.0,20.0,"[0.01304904816469897, -0.08889362376465205, -0.9959556445926614]","('west',)","(6,)","('0 minecraft:air',)","(False,)","('Player is not currently riding anything',)",0.0784000015258789
date,fps,time,plyrName,plyrInventory,plyrArmor,plyrOffhand,plyrStatus,plyrLocation,plyrHealth,plyrHunger,plyrSat,plyrView,plyrFacing,plyrSelectedSlot,plyrSelectedItem,plyrRideState,plyrRideVehicle,plyrMomentum
2025-01-07,31.0,20:04:25.906029200,literal{minecrafter256},"[Item(name=' None', count=0, meta=''), Item(name=' None', count=0, meta=''), Item(name=' None', count=0, meta=''), Item(name=' None', count=0, meta=''), Item(name=' None', count=0, meta=''), Item(name=' None', count=0, meta=''), Item(name=' None', count=0, meta=''), Item(name=' None', count=0, meta=''), Item(name=' None', count=0, meta=''), Item(name=' None', count=0, meta=''), Item(name=' None', count=0, meta=''), Item(name=' None', count=0, meta=''), Item(name=' None', count=0, meta=''), Item(name=' None', count=0, meta=''), Item(name=' None', count=0, meta=''), Item(name=' None', count=0, meta=''), Item(name=' None', count=0, meta=''), Item(name=' None', count=0, meta=''), Item(name=' None', count=0, meta=''), Item(name=' None', count=0, meta=''), Item(name=' None', count=0, meta=''), Item(name=' None', count=0, meta=''), Item(name=' None', count=0, meta=''), Item(name=' None', count=0, meta=''), Item(name=' None', count=0, meta=''), Item(name=' None', count=0, meta=''), Item(name=' None', count=0, meta=''), Item(name=' None', count=0, meta=''), Item(name=' None', count=0, meta=''), Item(name=' None', count=0, meta=''), Item(name=' None', count=0, meta=''), Item(name=' None', count=0, meta=''), Item(name=' None', count=0, meta=''), Item(name=' None', count=0, meta=''), Item(name=' None', count=0, meta=''), Item(name=' None', count=0, meta='')]","Armor Slot 0: None, Count: 0; Armor Slot 1: None, Count: 0; Armor Slot 2: None, Count: 0; Armor Slot 3: None, Count: 0; ","Offhand: None, Count: 0; ",[],"(102.8253659885526, 73.0, 163.01956758562017)",20.0,20.0,20.0,"[0.04444144463013314, -0.052335283054128975, -0.9976402037542549]","('west',)","(6,)","('0 minecraft:air',)","(False,)","('Player is not currently riding anything',)",0.0784000015258789
date,fps,time,plyrName,plyrInventory,plyrArmor,plyrOffhand,plyrStatus,plyrLocation,plyrHealth,plyrHunger,plyrSat,plyrView,plyrFacing,plyrSelectedSlot,plyrSelectedItem,plyrRideState,plyrRideVehicle,plyrMomentum
2025-01-07,31.0,20:04:25.934594500,literal{minecrafter256},"[Item(name=' None', count=0, meta=''), Item(name=' None', count=0, meta=''), Item(name=' None', count=0, meta=''), Item(name=' None', count=0, meta=''), Item(name=' None', count=0, meta=''), Item(name=' None', count=0, meta=''), Item(name=' None', count=0, meta=''), Item(name=' None', count=0, meta=''), Item(name=' None', count=0, meta=''), Item(name=' None', count=0, meta=''), Item(name=' None', count=0, meta=''), Item(name=' None', count=0, meta=''), Item(name=' None', count=0, meta=''), Item(name=' None', count=0, meta=''), Item(name=' None', count=0, meta=''), Item(name=' None', count=0, meta=''), Item(name=' None', count=0, meta=''), Item(name=' None', count=0, meta=''), Item(name=' None', count=0, meta=''), Item(name=' None', count=0, meta=''), Item(name=' None', count=0, meta=''), Item(name=' None', count=0, meta=''), Item(name=' None', count=0, meta=''), Item(name=' None', count=0, meta=''), Item(name=' None', count=0, meta=''), Item(name=' None', count=0, meta=''), Item(name=' None', count=0, meta=''), Item(name=' None', count=0, meta=''), Item(name=' None', count=0, meta=''), Item(name=' None', count=0, meta=''), Item(name=' None', count=0, meta=''), Item(name=' None', count=0, meta=''), Item(name=' None', count=0, meta=''), Item(name=' None', count=0, meta=''), Item(name=' None', count=0, meta=''), Item(name=' None', count=0, meta='')]","Armor Slot 0: None, Count: 0; Armor Slot 1: None, Count: 0; Armor Slot 2: None, Count: 0; Armor Slot 3: None, Count: 0; ","Offhand: None, Count: 0; ",[],"(102.8253659885526, 73.0, 163.01956758562017)",20.0,20.0,20.0,"[0.12241696537161494, 0.07323888270996598, -0.9897727782923719]","('west',)","(6,)","('0 minecraft:air',)","(False,)","('Player is not currently riding anything',)",0.0784000015258789
date,fps,time,plyrName,plyrInventory,plyrArmor,plyrOffhand,plyrStatus,plyrLocation,plyrHealth,plyrHunger,plyrSat,plyrView,plyrFacing,plyrSelectedSlot,plyrSelectedItem,plyrRideState,plyrRideVehicle,plyrMomentum
2025-01-07,31.0,20:04:25.993621300,literal{minecrafter256},"[Item(name=' None', count=0, meta=''), Item(name=' None', count=0, meta=''), Item(name=' None', count=0, meta=''), Item(name=' None', count=0, meta=''), Item(name=' None', count=0, meta=''), Item(name=' None', count=0, meta=''), Item(name=' None', count=0, meta=''), Item(name=' None', count=0, meta=''), Item(name=' None', count=0, meta=''), Item(name=' None', count=0, meta=''), Item(name=' None', count=0, meta=''), Item(name=' None', count=0, meta=''), Item(name=' None', count=0, meta=''), Item(name=' None', count=0, meta=''), Item(name=' None', count=0, meta=''), Item(name=' None', count=0, meta=''), Item(name=' None', count=0, meta=''), Item(name=' None', count=0, meta=''), Item(name=' None', count=0, meta=''), Item(name=' None', count=0, meta=''), Item(name=' None', count=0, meta=''), Item(name=' None', count=0, meta=''), Item(name=' None', count=0, meta=''), Item(name=' None', count=0, meta=''), Item(name=' None', count=0, meta=''), Item(name=' None', count=0, meta=''), Item(name=' None', count=0, meta=''), Item(name=' None', count=0, meta=''), Item(name=' None', count=0, meta=''), Item(name=' None', count=0, meta=''), Item(name=' None', count=0, meta=''), Item(name=' None', count=0, meta=''), Item(name=' None', count=0, meta=''), Item(name=' None', count=0, meta=''), Item(name=' None', count=0, meta=''), Item(name=' None', count=0, meta='')]","Armor Slot 0: None, Count: 0; Armor Slot 1: None, Count: 0; Armor Slot 2: None, Count: 0; Armor Slot 3: None, Count: 0; ","Offhand: None, Count: 0; ",[],"(102.8253659885526, 73.0, 163.01956758562017)",20.0,20.0,20.0,"[0.18198414098484783, 0.17450820995781535, -0.9676924393046202]","('west',)","(6,)","('0 minecraft:air',)","(False,)","('Player is not currently riding anything',)",0.0784000015258789
date,fps,time,plyrName,plyrInventory,plyrArmor,plyrOffhand,plyrStatus,plyrLocation,plyrHealth,plyrHunger,plyrSat,plyrView,plyrFacing,plyrSelectedSlot,plyrSelectedItem,plyrRideState,plyrRideVehicle,plyrMomentum
2025-01-07,31.0,20:04:26.048255700,literal{minecrafter256},"[Item(name=' None', count=0, meta=''), Item(name=' None', count=0, meta=''), Item(name=' None', count=0, meta=''), Item(name=' None', count=0, meta=''), Item(name=' None', count=0, meta=''), Item(name=' None', count=0, meta=''), Item(name=' None', count=0, meta=''), Item(name=' None', count=0, meta=''), Item(name=' None', count=0, meta=''), Item(name=' None', count=0, meta=''), Item(name=' None', count=0, meta=''), Item(name=' None', count=0, meta=''), Item(name=' None', count=0, meta=''), Item(name=' None', count=0, meta=''), Item(name=' None', count=0, meta=''), Item(name=' None', count=0, meta=''), Item(name=' None', count=0, meta=''), Item(name=' None', count=0, meta=''), Item(name=' None', count=0, meta=''), Item(name=' None', count=0, meta=''), Item(name=' None', count=0, meta=''), Item(name=' None', count=0, meta=''), Item(name=' None', count=0, meta=''), Item(name=' None', count=0, meta=''), Item(name=' None', count=0, meta=''), Item(name=' None', count=0, meta=''), Item(name=' None', count=0, meta=''), Item(name=' None', count=0, meta=''), Item(name=' None', count=0, meta=''), Item(name=' None', count=0, meta=''), Item(name=' None', count=0, meta=''), Item(name=' None', count=0, meta=''), Item(name=' None', count=0, meta=''), Item(name=' None', count=0, meta=''), Item(name=' None', count=0, meta=''), Item(name=' None', count=0, meta='')]","Armor Slot 0: None, Count: 0; Armor Slot 1: None, Count: 0; Armor Slot 2: None, Count: 0; Armor Slot 3: None, Count: 0; ","Offhand: None, Count: 0; ",[],"(102.8253659885526, 73.0, 163.01956758562017)",20.0,20.0,20.0,"[0.22501985562062077, 0.2663980509142796, -0.9372289704472158]","('west',)","(6,)","('0 minecraft:air',)","(False,)","('Player is not currently riding anything',)",0.0784000015258789
date,fps,time,plyrName,plyrInventory,plyrArmor,plyrOffhand,plyrStatus,plyrLocation,plyrHealth,plyrHunger,plyrSat,plyrView,plyrFacing,plyrSelectedSlot,plyrSelectedItem,plyrRideState,plyrRideVehicle,plyrMomentum
2025-01-07,31.0,20:04:26.082813200,literal{minecrafter256},"[Item(name=' None', count=0, meta=''), Item(name=' None', count=0, meta=''), Item(name=' None', count=0, meta=''), Item(name=' None', count=0, meta=''), Item(name=' None', count=0, meta=''), Item(name=' None', count=0, meta=''), Item(name=' None', count=0, meta=''), Item(name=' None', count=0, meta=''), Item(name=' None', count=0, meta=''), Item(name=' None', count=0, meta=''), Item(name=' None', count=0, meta=''), Item(name=' None', count=0, meta=''), Item(name=' None', count=0, meta=''), Item(name=' None', count=0, meta=''), Item(name=' None', count=0, meta=''), Item(name=' None', count=0, meta=''), Item(name=' None', count=0, meta=''), Item(name=' None', count=0, meta=''), Item(name=' None', count=0, meta=''), Item(name=' None', count=0, meta=''), Item(name=' None', count=0, meta=''), Item(name=' None', count=0, meta=''), Item(name=' None', count=0, meta=''), Item(name=' None', count=0, meta=''), Item(name=' None', count=0, meta=''), Item(name=' None', count=0, meta=''), Item(name=' None', count=0, meta=''), Item(name=' None', count=0, meta=''), Item(name=' None', count=0, meta=''), Item(name=' None', count=0, meta=''), Item(name=' None', count=0, meta=''), Item(name=' None', count=0, meta=''), Item(name=' None', count=0, meta=''), Item(name=' None', count=0, meta=''), Item(name=' None', count=0, meta=''), Item(name=' None', count=0, meta='')]","Armor Slot 0: None, Count: 0; Armor Slot 1: None, Count: 0; Armor Slot 2: None, Count: 0; Armor Slot 3: None, Count: 0; ","Offhand: None, Count: 0; ",[],"(102.8253659885526, 73.0, 163.01956758562017)",20.0,20.0,20.0,"[0.22501985562062077, 0.2663980509142796, -0.9372289704472158]","('west',)","(6,)","('0 minecraft:air',)","(False,)","('Player is not currently riding anything',)",0.0784000015258789
date,fps,time,plyrName,plyrInventory,plyrArmor,plyrOffhand,plyrStatus,plyrLocation,plyrHealth,plyrHunger,plyrSat,plyrView,plyrFacing,plyrSelectedSlot,plyrSelectedItem,plyrRideState,plyrRideVehicle,plyrMomentum
2025-01-07,31.0,20:04:26.143772200,literal{minecrafter256},"[Item(name=' None', count=0, meta=''), Item(name=' None', count=0, meta=''), Item(name=' None', count=0, meta=''), Item(name=' None', count=0, meta=''), Item(name=' None', count=0, meta=''), Item(name=' None', count=0, meta=''), Item(name=' None', count=0, meta=''), Item(name=' None', count=0, meta=''), Item(name=' None', count=0, meta=''), Item(name=' None', count=0, meta=''), Item(name=' None', count=0, meta=''), Item(name=' None', count=0, meta=''), Item(name=' None', count=0, meta=''), Item(name=' None', count=0, meta=''), Item(name=' None', count=0, meta=''), Item(name=' None', count=0, meta=''), Item(name=' None', count=0, meta=''), Item(name=' None', count=0, meta=''), Item(name=' None', count=0, meta=''), Item(name=' None', count=0, meta=''), Item(name=' None', count=0, meta=''), Item(name=' None', count=0, meta=''), Item(name=' None', count=0, meta=''), Item(name=' None', count=0, meta=''), Item(name=' None', count=0, meta=''), Item(name=' None', count=0, meta=''), Item(name=' None', count=0, meta=''), Item(name=' None', count=0, meta=''), Item(name=' None', count=0, meta=''), Item(name=' None', count=0, meta=''), Item(name=' None', count=0, meta=''), Item(name=' None', count=0, meta=''), Item(name=' None', count=0, meta=''), Item(name=' None', count=0, meta=''), Item(name=' None', count=0, meta=''), Item(name=' None', count=0, meta='')]","Armor Slot 0: None, Count: 0; Armor Slot 1: None, Count: 0; Armor Slot 2: None, Count: 0; Armor Slot 3: None, Count: 0; ","Offhand: None, Count: 0; ",[],"(102.8253659885526, 73.0, 163.01956758562017)",20.0,20.0,20.0,"[0.21653460029052274, 0.24361571240447735, -0.9453910045831209]","('west',)","(6,)","('0 minecraft:air',)","(False,)","('Player is not currently riding anything',)",0.0784000015258789
date,fps,time,plyrName,plyrInventory,plyrArmor,plyrOffhand,plyrStatus,plyrLocation,plyrHealth,plyrHunger,plyrSat,plyrView,plyrFacing,plyrSelectedSlot,plyrSelectedItem,plyrRideState,plyrRideVehicle,plyrMomentum
2025-01-07,31.0,20:04:26.202302600,literal{minecrafter256},"[Item(name=' None', count=0, meta=''), Item(name=' None', count=0, meta=''), Item(name=' None', count=0, meta=''), Item(name=' None', count=0, meta=''), Item(name=' None', count=0, meta=''), Item(name=' None', count=0, meta=''), Item(name=' None', count=0, meta=''), Item(name=' None', count=0, meta=''), Item(name=' None', count=0, meta=''), Item(name=' None', count=0, meta=''), Item(name=' None', count=0, meta=''), Item(name=' None', count=0, meta=''), Item(name=' None', count=0, meta=''), Item(name=' None', count=0, meta=''), Item(name=' None', count=0, meta=''), Item(name=' None', count=0, meta=''), Item(name=' None', count=0, meta=''), Item(name=' None', count=0, meta=''), Item(name=' None', count=0, meta=''), Item(name=' None', count=0, meta=''), Item(name=' None', count=0, meta=''), Item(name=' None', count=0, meta=''), Item(name=' None', count=0, meta=''), Item(name=' None', count=0, meta=''), Item(name=' None', count=0, meta=''), Item(name=' None', count=0, meta=''), Item(name=' None', count=0, meta=''), Item(name=' None', count=0, meta=''), Item(name=' None', count=0, meta=''), Item(name=' None', count=0, meta=''), Item(name=' None', count=0, meta=''), Item(name=' None', count=0, meta=''), Item(name=' None', count=0, meta=''), Item(name=' None', count=0, meta=''), Item(name=' None', count=0, meta=''), Item(name=' None', count=0, meta='')]","Armor Slot 0: None, Count: 0; Armor Slot 1: None, Count: 0; Armor Slot 2: None, Count: 0; Armor Slot 3: None, Count: 0; ","Offhand: None, Count: 0; ",[],"(102.8253659885526, 73.0, 163.01956758562017)",20.0,20.0,20.0,"[0.1692227145787342, 0.17708542507445627, -0.96953825355001]","('west',)","(6,)","('0 minecraft:air',)","(False,)","('Player is not currently riding anything',)",0.0784000015258789
date,fps,time,plyrName,plyrInventory,plyrArmor,plyrOffhand,plyrStatus,plyrLocation,plyrHealth,plyrHunger,plyrSat,plyrView,plyrFacing,plyrSelectedSlot,plyrSelectedItem,plyrRideState,plyrRideVehicle,plyrMomentum
2025-01-07,31.0,20:04:26.231861,literal{minecrafter256},"[Item(name=' None', count=0, meta=''), Item(name=' None', count=0, meta=''), Item(name=' None', count=0, meta=''), Item(name=' None', count=0, meta=''), Item(name=' None', count=0, meta=''), Item(name=' None', count=0, meta=''), Item(name=' None', count=0, meta=''), Item(name=' None', count=0, meta=''), Item(name=' None', count=0, meta=''), Item(name=' None', count=0, meta=''), Item(name=' None', count=0, meta=''), Item(name=' None', count=0, meta=''), Item(name=' None', count=0, meta=''), Item(name=' None', count=0, meta=''), Item(name=' None', count=0, meta=''), Item(name=' None', count=0, meta=''), Item(name=' None', count=0, meta=''), Item(name=' None', count=0, meta=''), Item(name=' None', count=0, meta=''), Item(name=' None', count=0, meta=''), Item(name=' None', count=0, meta=''), Item(name=' None', count=0, meta=''), Item(name=' None', count=0, meta=''), Item(name=' None', count=0, meta=''), Item(name=' None', count=0, meta=''), Item(name=' None', count=0, meta=''), Item(name=' None', count=0, meta=''), Item(name=' None', count=0, meta=''), Item(name=' None', count=0, meta=''), Item(name=' None', count=0, meta=''), Item(name=' None', count=0, meta=''), Item(name=' None', count=0, meta=''), Item(name=' None', count=0, meta=''), Item(name=' None', count=0, meta=''), Item(name=' None', count=0, meta=''), Item(name=' None', count=0, meta='')]","Armor Slot 0: None, Count: 0; Armor Slot 1: None, Count: 0; Armor Slot 2: None, Count: 0; Armor Slot 3: None, Count: 0; ","Offhand: None, Count: 0; ",[],"(102.8253659885526, 73.0, 163.01956758562017)",20.0,20.0,20.0,"[0.11952237920849611, 0.10192512474118746, -0.9875857784591847]","('west',)","(6,)","('0 minecraft:air',)","(False,)","('Player is not currently riding anything',)",0.0784000015258789
date,fps,time,plyrName,plyrInventory,plyrArmor,plyrOffhand,plyrStatus,plyrLocation,plyrHealth,plyrHunger,plyrSat,plyrView,plyrFacing,plyrSelectedSlot,plyrSelectedItem,plyrRideState,plyrRideVehicle,plyrMomentum
2025-01-07,31.0,20:04:26.357465900,literal{minecrafter256},"[Item(name=' None', count=0, meta=''), Item(name=' None', count=0, meta=''), Item(name=' None', count=0, meta=''), Item(name=' None', count=0, meta=''), Item(name=' None', count=0, meta=''), Item(name=' None', count=0, meta=''), Item(name=' None', count=0, meta=''), Item(name=' None', count=0, meta=''), Item(name=' None', count=0, meta=''), Item(name=' None', count=0, meta=''), Item(name=' None', count=0, meta=''), Item(name=' None', count=0, meta=''), Item(name=' None', count=0, meta=''), Item(name=' None', count=0, meta=''), Item(name=' None', count=0, meta=''), Item(name=' None', count=0, meta=''), Item(name=' None', count=0, meta=''), Item(name=' None', count=0, meta=''), Item(name=' None', count=0, meta=''), Item(name=' None', count=0, meta=''), Item(name=' None', count=0, meta=''), Item(name=' None', count=0, meta=''), Item(name=' None', count=0, meta=''), Item(name=' None', count=0, meta=''), Item(name=' None', count=0, meta=''), Item(name=' None', count=0, meta=''), Item(name=' None', count=0, meta=''), Item(name=' None', count=0, meta=''), Item(name=' None', count=0, meta=''), Item(name=' None', count=0, meta=''), Item(name=' None', count=0, meta=''), Item(name=' None', count=0, meta=''), Item(name=' None', count=0, meta=''), Item(name=' None', count=0, meta=''), Item(name=' None', count=0, meta=''), Item(name=' None', count=0, meta='')]","Armor Slot 0: None, Count: 0; Armor Slot 1: None, Count: 0; Armor Slot 2: None, Count: 0; Armor Slot 3: None, Count: 0; ","Offhand: None, Count: 0; ",[],"(102.8253659885526, 73.0, 163.01956758562017)",20.0,20.0,20.0,"[0.08084648544535056, 0.07584957686874583, -0.9938363484397051]","('west',)","(6,)","('0 minecraft:air',)","(False,)","('Player is not currently riding anything',)",0.0784000015258789
date,fps,time,plyrName,plyrInventory,plyrArmor,plyrOffhand,plyrStatus,plyrLocation,plyrHealth,plyrHunger,plyrSat,plyrView,plyrFacing,plyrSelectedSlot,plyrSelectedItem,plyrRideState,plyrRideVehicle,plyrMomentum
2025-01-07,31.0,20:04:26.408059700,literal{minecrafter256},"[Item(name=' None', count=0, meta=''), Item(name=' None', count=0, meta=''), Item(name=' None', count=0, meta=''), Item(name=' None', count=0, meta=''), Item(name=' None', count=0, meta=''), Item(name=' None', count=0, meta=''), Item(name=' None', count=0, meta=''), Item(name=' None', count=0, meta=''), Item(name=' None', count=0, meta=''), Item(name=' None', count=0, meta=''), Item(name=' None', count=0, meta=''), Item(name=' None', count=0, meta=''), Item(name=' None', count=0, meta=''), Item(name=' None', count=0, meta=''), Item(name=' None', count=0, meta=''), Item(name=' None', count=0, meta=''), Item(name=' None', count=0, meta=''), Item(name=' None', count=0, meta=''), Item(name=' None', count=0, meta=''), Item(name=' None', count=0, meta=''), Item(name=' None', count=0, meta=''), Item(name=' None', count=0, meta=''), Item(name=' None', count=0, meta=''), Item(name=' None', count=0, meta=''), Item(name=' None', count=0, meta=''), Item(name=' None', count=0, meta=''), Item(name=' None', count=0, meta=''), Item(name=' None', count=0, meta=''), Item(name=' None', count=0, meta=''), Item(name=' None', count=0, meta=''), Item(name=' None', count=0, meta=''), Item(name=' None', count=0, meta=''), Item(name=' None', count=0, meta=''), Item(name=' None', count=0, meta=''), Item(name=' None', count=0, meta=''), Item(name=' None', count=0, meta='')]","Armor Slot 0: None, Count: 0; Armor Slot 1: None, Count: 0; Armor Slot 2: None, Count: 0; Armor Slot 3: None, Count: 0; ","Offhand: None, Count: 0; ",[],"(102.8253659885526, 73.0, 163.01956758562017)",20.0,20.0,20.0,"[0.08086230874925565, 0.07323886610990987, -0.9940308624558267]","('west',)","(6,)","('0 minecraft:air',)","(False,)","('Player is not currently riding anything',)",0.0784000015258789
date,fps,time,plyrName,plyrInventory,plyrArmor,plyrOffhand,plyrStatus,plyrLocation,plyrHealth,plyrHunger,plyrSat,plyrView,plyrFacing,plyrSelectedSlot,plyrSelectedItem,plyrRideState,plyrRideVehicle,plyrMomentum
2025-01-07,31.0,20:04:26.425570,literal{minecrafter256},"[Item(name=' None', count=0, meta=''), Item(name=' None', count=0, meta=''), Item(name=' None', count=0, meta=''), Item(name=' None', count=0, meta=''), Item(name=' None', count=0, meta=''), Item(name=' None', count=0, meta=''), Item(name=' None', count=0, meta=''), Item(name=' None', count=0, meta=''), Item(name=' None', count=0, meta=''), Item(name=' None', count=0, meta=''), Item(name=' None', count=0, meta=''), Item(name=' None', count=0, meta=''), Item(name=' None', count=0, meta=''), Item(name=' None', count=0, meta=''), Item(name=' None', count=0, meta=''), Item(name=' None', count=0, meta=''), Item(name=' None', count=0, meta=''), Item(name=' None', count=0, meta=''), Item(name=' None', count=0, meta=''), Item(name=' None', count=0, meta=''), Item(name=' None', count=0, meta=''), Item(name=' None', count=0, meta=''), Item(name=' None', count=0, meta=''), Item(name=' None', count=0, meta=''), Item(name=' None', count=0, meta=''), Item(name=' None', count=0, meta=''), Item(name=' None', count=0, meta=''), Item(name=' None', count=0, meta=''), Item(name=' None', count=0, meta=''), Item(name=' None', count=0, meta=''), Item(name=' None', count=0, meta=''), Item(name=' None', count=0, meta=''), Item(name=' None', count=0, meta=''), Item(name=' None', count=0, meta=''), Item(name=' None', count=0, meta=''), Item(name=' None', count=0, meta='')]","Armor Slot 0: None, Count: 0; Armor Slot 1: None, Count: 0; Armor Slot 2: None, Count: 0; Armor Slot 3: None, Count: 0; ","Offhand: None, Count: 0; ",[],"(102.8253659885526, 73.0, 163.01956758562017)",20.0,20.0,20.0,"[0.08086230874925565, 0.07323886610990987, -0.9940308624558267]","('west',)","(6,)","('0 minecraft:air',)","(False,)","('Player is not currently riding anything',)",0.0784000015258789
date,fps,time,plyrName,plyrInventory,plyrArmor,plyrOffhand,plyrStatus,plyrLocation,plyrHealth,plyrHunger,plyrSat,plyrView,plyrFacing,plyrSelectedSlot,plyrSelectedItem,plyrRideState,plyrRideVehicle,plyrMomentum
2025-01-07,31.0,20:04:26.438605800,literal{minecrafter256},"[Item(name=' None', count=0, meta=''), Item(name=' None', count=0, meta=''), Item(name=' None', count=0, meta=''), Item(name=' None', count=0, meta=''), Item(name=' None', count=0, meta=''), Item(name=' None', count=0, meta=''), Item(name=' None', count=0, meta=''), Item(name=' None', count=0, meta=''), Item(name=' None', count=0, meta=''), Item(name=' None', count=0, meta=''), Item(name=' None', count=0, meta=''), Item(name=' None', count=0, meta=''), Item(name=' None', count=0, meta=''), Item(name=' None', count=0, meta=''), Item(name=' None', count=0, meta=''), Item(name=' None', count=0, meta=''), Item(name=' None', count=0, meta=''), Item(name=' None', count=0, meta=''), Item(name=' None', count=0, meta=''), Item(name=' None', count=0, meta=''), Item(name=' None', count=0, meta=''), Item(name=' None', count=0, meta=''), Item(name=' None', count=0, meta=''), Item(name=' None', count=0, meta=''), Item(name=' None', count=0, meta=''), Item(name=' None', count=0, meta=''), Item(name=' None', count=0, meta=''), Item(name=' None', count=0, meta=''), Item(name=' None', count=0, meta=''), Item(name=' None', count=0, meta=''), Item(name=' None', count=0, meta=''), Item(name=' None', count=0, meta=''), Item(name=' None', count=0, meta=''), Item(name=' None', count=0, meta=''), Item(name=' None', count=0, meta=''), Item(name=' None', count=0, meta='')]","Armor Slot 0: None, Count: 0; Armor Slot 1: None, Count: 0; Armor Slot 2: None, Count: 0; Armor Slot 3: None, Count: 0; ","Offhand: None, Count: 0; ",[],"(102.8253659885526, 73.0, 163.01956758562017)",20.0,20.0,20.0,"[0.08086230874925565, 0.07323886610990987, -0.9940308624558267]","('west',)","(6,)","('0 minecraft:air',)","(False,)","('Player is not currently riding anything',)",0.0784000015258789
date,fps,time,plyrName,plyrInventory,plyrArmor,plyrOffhand,plyrStatus,plyrLocation,plyrHealth,plyrHunger,plyrSat,plyrView,plyrFacing,plyrSelectedSlot,plyrSelectedItem,plyrRideState,plyrRideVehicle,plyrMomentum
2025-01-07,31.0,20:04:26.484678600,literal{minecrafter256},"[Item(name=' None', count=0, meta=''), Item(name=' None', count=0, meta=''), Item(name=' None', count=0, meta=''), Item(name=' None', count=0, meta=''), Item(name=' None', count=0, meta=''), Item(name=' None', count=0, meta=''), Item(name=' None', count=0, meta=''), Item(name=' None', count=0, meta=''), Item(name=' None', count=0, meta=''), Item(name=' None', count=0, meta=''), Item(name=' None', count=0, meta=''), Item(name=' None', count=0, meta=''), Item(name=' None', count=0, meta=''), Item(name=' None', count=0, meta=''), Item(name=' None', count=0, meta=''), Item(name=' None', count=0, meta=''), Item(name=' None', count=0, meta=''), Item(name=' None', count=0, meta=''), Item(name=' None', count=0, meta=''), Item(name=' None', count=0, meta=''), Item(name=' None', count=0, meta=''), Item(name=' None', count=0, meta=''), Item(name=' None', count=0, meta=''), Item(name=' None', count=0, meta=''), Item(name=' None', count=0, meta=''), Item(name=' None', count=0, meta=''), Item(name=' None', count=0, meta=''), Item(name=' None', count=0, meta=''), Item(name=' None', count=0, meta=''), Item(name=' None', count=0, meta=''), Item(name=' None', count=0, meta=''), Item(name=' None', count=0, meta=''), Item(name=' None', count=0, meta=''), Item(name=' None', count=0, meta=''), Item(name=' None', count=0, meta=''), Item(name=' None', count=0, meta='')]","Armor Slot 0: None, Count: 0; Armor Slot 1: None, Count: 0; Armor Slot 2: None, Count: 0; Armor Slot 3: None, Count: 0; ","Offhand: None, Count: 0; ",[],"(102.8253659885526, 73.0, 163.01956758562017)",20.0,20.0,20.0,"[0.08086230874925565, 0.07323886610990987, -0.9940308624558267]","('west',)","(6,)","('0 minecraft:air',)","(False,)","('Player is not currently riding anything',)",0.0784000015258789
date,fps,time,plyrName,plyrInventory,plyrArmor,plyrOffhand,plyrStatus,plyrLocation,plyrHealth,plyrHunger,plyrSat,plyrView,plyrFacing,plyrSelectedSlot,plyrSelectedItem,plyrRideState,plyrRideVehicle,plyrMomentum
2025-01-07,31.0,20:04:26.548421700,literal{minecrafter256},"[Item(name=' None', count=0, meta=''), Item(name=' None', count=0, meta=''), Item(name=' None', count=0, meta=''), Item(name=' None', count=0, meta=''), Item(name=' None', count=0, meta=''), Item(name=' None', count=0, meta=''), Item(name=' None', count=0, meta=''), Item(name=' None', count=0, meta=''), Item(name=' None', count=0, meta=''), Item(name=' None', count=0, meta=''), Item(name=' None', count=0, meta=''), Item(name=' None', count=0, meta=''), Item(name=' None', count=0, meta=''), Item(name=' None', count=0, meta=''), Item(name=' None', count=0, meta=''), Item(name=' None', count=0, meta=''), Item(name=' None', count=0, meta=''), Item(name=' None', count=0, meta=''), Item(name=' None', count=0, meta=''), Item(name=' None', count=0, meta=''), Item(name=' None', count=0, meta=''), Item(name=' None', count=0, meta=''), Item(name=' None', count=0, meta=''), Item(name=' None', count=0, meta=''), Item(name=' None', count=0, meta=''), Item(name=' None', count=0, meta=''), Item(name=' None', count=0, meta=''), Item(name=' None', count=0, meta=''), Item(name=' None', count=0, meta=''), Item(name=' None', count=0, meta=''), Item(name=' None', count=0, meta=''), Item(name=' None', count=0, meta=''), Item(name=' None', count=0, meta=''), Item(name=' None', count=0, meta=''), Item(name=' None', count=0, meta=''), Item(name=' None', count=0, meta='')]","Armor Slot 0: None, Count: 0; Armor Slot 1: None, Count: 0; Armor Slot 2: None, Count: 0; Armor Slot 3: None, Count: 0; ","Offhand: None, Count: 0; ",[],"(102.8253659885526, 73.0, 163.01956758562017)",20.0,20.0,20.0,"[0.07830236472264177, 0.0654037977471726, -0.9947819273182888]","('west',)","(6,)","('0 minecraft:air',)","(False,)","('Player is not currently riding anything',)",0.0784000015258789
date,fps,time,plyrName,plyrInventory,plyrArmor,plyrOffhand,plyrStatus,plyrLocation,plyrHealth,plyrHunger,plyrSat,plyrView,plyrFacing,plyrSelectedSlot,plyrSelectedItem,plyrRideState,plyrRideVehicle,plyrMomentum
2025-01-07,31.0,20:04:26.593489,literal{minecrafter256},"[Item(name=' None', count=0, meta=''), Item(name=' None', count=0, meta=''), Item(name=' None', count=0, meta=''), Item(name=' None', count=0, meta=''), Item(name=' None', count=0, meta=''), Item(name=' None', count=0, meta=''), Item(name=' None', count=0, meta=''), Item(name=' None', count=0, meta=''), Item(name=' None', count=0, meta=''), Item(name=' None', count=0, meta=''), Item(name=' None', count=0, meta=''), Item(name=' None', count=0, meta=''), Item(name=' None', count=0, meta=''), Item(name=' None', count=0, meta=''), Item(name=' None', count=0, meta=''), Item(name=' None', count=0, meta=''), Item(name=' None', count=0, meta=''), Item(name=' None', count=0, meta=''), Item(name=' None', count=0, meta=''), Item(name=' None', count=0, meta=''), Item(name=' None', count=0, meta=''), Item(name=' None', count=0, meta=''), Item(name=' None', count=0, meta=''), Item(name=' None', count=0, meta=''), Item(name=' None', count=0, meta=''), Item(name=' None', count=0, meta=''), Item(name=' None', count=0, meta=''), Item(name=' None', count=0, meta=''), Item(name=' None', count=0, meta=''), Item(name=' None', count=0, meta=''), Item(name=' None', count=0, meta=''), Item(name=' None', count=0, meta=''), Item(name=' None', count=0, meta=''), Item(name=' None', count=0, meta=''), Item(name=' None', count=0, meta=''), Item(name=' None', count=0, meta='')]","Armor Slot 0: None, Count: 0; Armor Slot 1: None, Count: 0; Armor Slot 2: None, Count: 0; Armor Slot 3: None, Count: 0; ","Offhand: None, Count: 0; ",[],"(102.8253659885526, 73.41999998688698, 163.01956758562017)",20.0,20.0,20.0,"[0.06279971887229989, 0.007854565930261926, -0.9979952410225248]","('west',)","(6,)","('0 minecraft:air',)","(False,)","('Player is not currently riding anything',)",0.33319999363422365
date,fps,time,plyrName,plyrInventory,plyrArmor,plyrOffhand,plyrStatus,plyrLocation,plyrHealth,plyrHunger,plyrSat,plyrView,plyrFacing,plyrSelectedSlot,plyrSelectedItem,plyrRideState,plyrRideVehicle,plyrMomentum
2025-01-07,83.0,20:04:26.642961300,literal{minecrafter256},"[Item(name=' None', count=0, meta=''), Item(name=' None', count=0, meta=''), Item(name=' None', count=0, meta=''), Item(name=' None', count=0, meta=''), Item(name=' None', count=0, meta=''), Item(name=' None', count=0, meta=''), Item(name=' None', count=0, meta=''), Item(name=' None', count=0, meta=''), Item(name=' None', count=0, meta=''), Item(name=' None', count=0, meta=''), Item(name=' None', count=0, meta=''), Item(name=' None', count=0, meta=''), Item(name=' None', count=0, meta=''), Item(name=' None', count=0, meta=''), Item(name=' None', count=0, meta=''), Item(name=' None', count=0, meta=''), Item(name=' None', count=0, meta=''), Item(name=' None', count=0, meta=''), Item(name=' None', count=0, meta=''), Item(name=' None', count=0, meta=''), Item(name=' None', count=0, meta=''), Item(name=' None', count=0, meta=''), Item(name=' None', count=0, meta=''), Item(name=' None', count=0, meta=''), Item(name=' None', count=0, meta=''), Item(name=' None', count=0, meta=''), Item(name=' None', count=0, meta=''), Item(name=' None', count=0, meta=''), Item(name=' None', count=0, meta=''), Item(name=' None', count=0, meta=''), Item(name=' None', count=0, meta=''), Item(name=' None', count=0, meta=''), Item(name=' None', count=0, meta=''), Item(name=' None', count=0, meta=''), Item(name=' None', count=0, meta=''), Item(name=' None', count=0, meta='')]","Armor Slot 0: None, Count: 0; Armor Slot 1: None, Count: 0; Armor Slot 2: None, Count: 0; Armor Slot 3: None, Count: 0; ","Offhand: None, Count: 0; ",[],"(102.8253659885526, 73.7531999805212, 163.01956758562017)",20.0,20.0,20.0,"[0.06018776604440907, 0.005236628780338021, -0.998173336919796]","('west',)","(6,)","('0 minecraft:air',)","(False,)","('Player is not currently riding anything',)",0.24813599859094576
date,fps,time,plyrName,plyrInventory,plyrArmor,plyrOffhand,plyrStatus,plyrLocation,plyrHealth,plyrHunger,plyrSat,plyrView,plyrFacing,plyrSelectedSlot,plyrSelectedItem,plyrRideState,plyrRideVehicle,plyrMomentum
2025-01-07,83.0,20:04:26.697611600,literal{minecrafter256},"[Item(name=' None', count=0, meta=''), Item(name=' None', count=0, meta=''), Item(name=' None', count=0, meta=''), Item(name=' None', count=0, meta=''), Item(name=' None', count=0, meta=''), Item(name=' None', count=0, meta=''), Item(name=' None', count=0, meta=''), Item(name=' None', count=0, meta=''), Item(name=' None', count=0, meta=''), Item(name=' None', count=0, meta=''), Item(name=' None', count=0, meta=''), Item(name=' None', count=0, meta=''), Item(name=' None', count=0, meta=''), Item(name=' None', count=0, meta=''), Item(name=' None', count=0, meta=''), Item(name=' None', count=0, meta=''), Item(name=' None', count=0, meta=''), Item(name=' None', count=0, meta=''), Item(name=' None', count=0, meta=''), Item(name=' None', count=0, meta=''), Item(name=' None', count=0, meta=''), Item(name=' None', count=0, meta=''), Item(name=' None', count=0, meta=''), Item(name=' None', count=0, meta=''), Item(name=' None', count=0, meta=''), Item(name=' None', count=0, meta=''), Item(name=' None', count=0, meta=''), Item(name=' None', count=0, meta=''), Item(name=' None', count=0, meta=''), Item(name=' None', count=0, meta=''), Item(name=' None', count=0, meta=''), Item(name=' None', count=0, meta=''), Item(name=' None', count=0, meta=''), Item(name=' None', count=0, meta=''), Item(name=' None', count=0, meta=''), Item(name=' None', count=0, meta='')]","Armor Slot 0: None, Count: 0; Armor Slot 1: None, Count: 0; Armor Slot 2: None, Count: 0; Armor Slot 3: None, Count: 0; ","Offhand: None, Count: 0; ",[],"(102.8253659885526, 74.00133597911214, 163.01956758562017)",20.0,20.0,20.0,"[0.06018776604440907, 0.005236628780338021, -0.998173336919796]","('west',)","(6,)","('0 minecraft:air',)","(False,)","('Player is not currently riding anything',)",0.16477328182606651
date,fps,time,plyrName,plyrInventory,plyrArmor,plyrOffhand,plyrStatus,plyrLocation,plyrHealth,plyrHunger,plyrSat,plyrView,plyrFacing,plyrSelectedSlot,plyrSelectedItem,plyrRideState,plyrRideVehicle,plyrMomentum
2025-01-07,83.0,20:04:26.747734100,literal{minecrafter256},"[Item(name=' None', count=0, meta=''), Item(name=' None', count=0, meta=''), Item(name=' None', count=0, meta=''), Item(name=' None', count=0, meta=''), Item(name=' None', count=0, meta=''), Item(name=' None', count=0, meta=''), Item(name=' None', count=0, meta=''), Item(name=' None', count=0, meta=''), Item(name=' None', count=0, meta=''), Item(name=' None', count=0, meta=''), Item(name=' None', count=0, meta=''), Item(name=' None', count=0, meta=''), Item(name=' None', count=0, meta=''), Item(name=' None', count=0, meta=''), Item(name=' None', count=0, meta=''), Item(name=' None', count=0, meta=''), Item(name=' None', count=0, meta=''), Item(name=' None', count=0, meta=''), Item(name=' None', count=0, meta=''), Item(name=' None', count=0, meta=''), Item(name=' None', count=0, meta=''), Item(name=' None', count=0, meta=''), Item(name=' None', count=0, meta=''), Item(name=' None', count=0, meta=''), Item(name=' None', count=0, meta=''), Item(name=' None', count=0, meta=''), Item(name=' None', count=0, meta=''), Item(name=' None', count=0, meta=''), Item(name=' None', count=0, meta=''), Item(name=' None', count=0, meta=''), Item(name=' None', count=0, meta=''), Item(name=' None', count=0, meta=''), Item(name=' None', count=0, meta=''), Item(name=' None', count=0, meta=''), Item(name=' None', count=0, meta=''), Item(name=' None', count=0, meta='')]","Armor Slot 0: None, Count: 0; Armor Slot 1: None, Count: 0; Armor Slot 2: None, Count: 0; Armor Slot 3: None, Count: 0; ","Offhand: None, Count: 0; ",[],"(102.8253659885526, 74.16610926093821, 163.01956758562017)",20.0,20.0,20.0,"[0.06018776604440907, 0.005236628780338021, -0.998173336919796]","('west',)","(6,)","('0 minecraft:air',)","(False,)","('Player is not currently riding anything',)",0.08307781780646721
date,fps,time,plyrName,plyrInventory,plyrArmor,plyrOffhand,plyrStatus,plyrLocation,plyrHealth,plyrHunger,plyrSat,plyrView,plyrFacing,plyrSelectedSlot,plyrSelectedItem,plyrRideState,plyrRideVehicle,plyrMomentum
2025-01-07,83.0,20:04:26.791505400,literal{minecrafter256},"[Item(name=' None', count=0, meta=''), Item(name=' None', count=0, meta=''), Item(name=' None', count=0, meta=''), Item(name=' None', count=0, meta=''), Item(name=' None', count=0, meta=''), Item(name=' None', count=0, meta=''), Item(name=' None', count=0, meta=''), Item(name=' None', count=0, meta=''), Item(name=' None', count=0, meta=''), Item(name=' None', count=0, meta=''), Item(name=' None', count=0, meta=''), Item(name=' None', count=0, meta=''), Item(name=' None', count=0, meta=''), Item(name=' None', count=0, meta=''), Item(name=' None', count=0, meta=''), Item(name=' None', count=0, meta=''), Item(name=' None', count=0, meta=''), Item(name=' None', count=0, meta=''), Item(name=' None', count=0, meta=''), Item(name=' None', count=0, meta=''), Item(name=' None', count=0, meta=''), Item(name=' None', count=0, meta=''), Item(name=' None', count=0, meta=''), Item(name=' None', count=0, meta=''), Item(name=' None', count=0, meta=''), Item(name=' None', count=0, meta=''), Item(name=' None', count=0, meta=''), Item(name=' None', count=0, meta=''), Item(name=' None', count=0, meta=''), Item(name=' None', count=0, meta=''), Item(name=' None', count=0, meta=''), Item(name=' None', count=0, meta=''), Item(name=' None', count=0, meta=''), Item(name=' None', count=0, meta=''), Item(name=' None', count=0, meta=''), Item(name=' None', count=0, meta='')]","Armor Slot 0: None, Count: 0; Armor Slot 1: None, Count: 0; Armor Slot 2: None, Count: 0; Armor Slot 3: None, Count: 0; ","Offhand: None, Count: 0; ",[],"(102.8253659885526, 74.24918707874468, 163.01956758562017)",20.0,20.0,20.0,"[0.06018776604440907, 0.005236628780338021, -0.998173336919796]","('west',)","(6,)","('0 minecraft:air',)","(False,)","('Player is not currently riding anything',)",0.0030162615090425808
date,fps,time,plyrName,plyrInventory,plyrArmor,plyrOffhand,plyrStatus,plyrLocation,plyrHealth,plyrHunger,plyrSat,plyrView,plyrFacing,plyrSelectedSlot,plyrSelectedItem,plyrRideState,plyrRideVehicle,plyrMomentum
2025-01-07,83.0,20:04:26.842992600,literal{minecrafter256},"[Item(name=' None', count=0, meta=''), Item(name=' None', count=0, meta=''), Item(name=' None', count=0, meta=''), Item(name=' None', count=0, meta=''), Item(name=' None', count=0, meta=''), Item(name=' None', count=0, meta=''), Item(name=' None', count=0, meta=''), Item(name=' None', count=0, meta=''), Item(name=' None', count=0, meta=''), Item(name=' None', count=0, meta=''), Item(name=' None', count=0, meta=''), Item(name=' None', count=0, meta=''), Item(name=' None', count=0, meta=''), Item(name=' None', count=0, meta=''), Item(name=' None', count=0, meta=''), Item(name=' None', count=0, meta=''), Item(name=' None', count=0, meta=''), Item(name=' None', count=0, meta=''), Item(name=' None', count=0, meta=''), Item(name=' None', count=0, meta=''), Item(name=' None', count=0, meta=''), Item(name=' None', count=0, meta=''), Item(name=' None', count=0, meta=''), Item(name=' None', count=0, meta=''), Item(name=' None', count=0, meta=''), Item(name=' None', count=0, meta=''), Item(name=' None', count=0, meta=''), Item(name=' None', count=0, meta=''), Item(name=' None', count=0, meta=''), Item(name=' None', count=0, meta=''), Item(name=' None', count=0, meta=''), Item(name=' None', count=0, meta=''), Item(name=' None', count=0, meta=''), Item(name=' None', count=0, meta=''), Item(name=' None', count=0, meta=''), Item(name=' None', count=0, meta='')]","Armor Slot 0: None, Count: 0; Armor Slot 1: None, Count: 0; Armor Slot 2: None, Count: 0; Armor Slot 3: None, Count: 0; ","Offhand: None, Count: 0; ",[],"(102.8253659885526, 74.25220334025373, 163.01956758562017)",20.0,20.0,20.0,"[0.06018776604440907, 0.005236628780338021, -0.998173336919796]","('west',)","(6,)","('0 minecraft:air',)","(False,)","('Player is not currently riding anything',)",0.07544406518948656
date,fps,time,plyrName,plyrInventory,plyrArmor,plyrOffhand,plyrStatus,plyrLocation,plyrHealth,plyrHunger,plyrSat,plyrView,plyrFacing,plyrSelectedSlot,plyrSelectedItem,plyrRideState,plyrRideVehicle,plyrMomentum
2025-01-07,83.0,20:04:26.905560100,literal{minecrafter256},"[Item(name=' None', count=0, meta=''), Item(name=' None', count=0, meta=''), Item(name=' None', count=0, meta=''), Item(name=' None', count=0, meta=''), Item(name=' None', count=0, meta=''), Item(name=' None', count=0, meta=''), Item(name=' None', count=0, meta=''), Item(name=' None', count=0, meta=''), Item(name=' None', count=0, meta=''), Item(name=' None', count=0, meta=''), Item(name=' None', count=0, meta=''), Item(name=' None', count=0, meta=''), Item(name=' None', count=0, meta=''), Item(name=' None', count=0, meta=''), Item(name=' None', count=0, meta=''), Item(name=' None', count=0, meta=''), Item(name=' None', count=0, meta=''), Item(name=' None', count=0, meta=''), Item(name=' None', count=0, meta=''), Item(name=' None', count=0, meta=''), Item(name=' None', count=0, meta=''), Item(name=' None', count=0, meta=''), Item(name=' None', count=0, meta=''), Item(name=' None', count=0, meta=''), Item(name=' None', count=0, meta=''), Item(name=' None', count=0, meta=''), Item(name=' None', count=0, meta=''), Item(name=' None', count=0, meta=''), Item(name=' None', count=0, meta=''), Item(name=' None', count=0, meta=''), Item(name=' None', count=0, meta=''), Item(name=' None', count=0, meta=''), Item(name=' None', count=0, meta=''), Item(name=' None', count=0, meta=''), Item(name=' None', count=0, meta=''), Item(name=' None', count=0, meta='')]","Armor Slot 0: None, Count: 0; Armor Slot 1: None, Count: 0; Armor Slot 2: None, Count: 0; Armor Slot 3: None, Count: 0; ","Offhand: None, Count: 0; ",[],"(102.8253659885526, 74.17675927506424, 163.01956758562017)",20.0,20.0,20.0,"[0.06018776604440907, 0.005236628780338021, -0.998173336919796]","('west',)","(6,)","('0 minecraft:air',)","(False,)","('Player is not currently riding anything',)",0.15233518685055708
date,fps,time,plyrName,plyrInventory,plyrArmor,plyrOffhand,plyrStatus,plyrLocation,plyrHealth,plyrHunger,plyrSat,plyrView,plyrFacing,plyrSelectedSlot,plyrSelectedItem,plyrRideState,plyrRideVehicle,plyrMomentum
2025-01-07,83.0,20:04:26.938643200,literal{minecrafter256},"[Item(name=' None', count=0, meta=''), Item(name=' None', count=0, meta=''), Item(name=' None', count=0, meta=''), Item(name=' None', count=0, meta=''), Item(name=' None', count=0, meta=''), Item(name=' None', count=0, meta=''), Item(name=' None', count=0, meta=''), Item(name=' None', count=0, meta=''), Item(name=' None', count=0, meta=''), Item(name=' None', count=0, meta=''), Item(name=' None', count=0, meta=''), Item(name=' None', count=0, meta=''), Item(name=' None', count=0, meta=''), Item(name=' None', count=0, meta=''), Item(name=' None', count=0, meta=''), Item(name=' None', count=0, meta=''), Item(name=' None', count=0, meta=''), Item(name=' None', count=0, meta=''), Item(name=' None', count=0, meta=''), Item(name=' None', count=0, meta=''), Item(name=' None', count=0, meta=''), Item(name=' None', count=0, meta=''), Item(name=' None', count=0, meta=''), Item(name=' None', count=0, meta=''), Item(name=' None', count=0, meta=''), Item(name=' None', count=0, meta=''), Item(name=' None', count=0, meta=''), Item(name=' None', count=0, meta=''), Item(name=' None', count=0, meta=''), Item(name=' None', count=0, meta=''), Item(name=' None', count=0, meta=''), Item(name=' None', count=0, meta=''), Item(name=' None', count=0, meta=''), Item(name=' None', count=0, meta=''), Item(name=' None', count=0, meta=''), Item(name=' None', count=0, meta='')]","Armor Slot 0: None, Count: 0; Armor Slot 1: None, Count: 0; Armor Slot 2: None, Count: 0; Armor Slot 3: None, Count: 0; ","Offhand: None, Count: 0; ",[],"(102.8253659885526, 74.02442408821369, 163.01956758562017)",20.0,20.0,20.0,"[0.06018776604440907, 0.005236628780338021, -0.998173336919796]","('west',)","(6,)","('0 minecraft:air',)","(False,)","('Player is not currently riding anything',)",0.22768848754498797
date,fps,time,plyrName,plyrInventory,plyrArmor,plyrOffhand,plyrStatus,plyrLocation,plyrHealth,plyrHunger,plyrSat,plyrView,plyrFacing,plyrSelectedSlot,plyrSelectedItem,plyrRideState,plyrRideVehicle,plyrMomentum
2025-01-07,83.0,20:04:26.999938800,literal{minecrafter256},"[Item(name=' None', count=0, meta=''), Item(name=' None', count=0, meta=''), Item(name=' None', count=0, meta=''), Item(name=' None', count=0, meta=''), Item(name=' None', count=0, meta=''), Item(name=' None', count=0, meta=''), Item(name=' None', count=0, meta=''), Item(name=' None', count=0, meta=''), Item(name=' None', count=0, meta=''), Item(name=' None', count=0, meta=''), Item(name=' None', count=0, meta=''), Item(name=' None', count=0, meta=''), Item(name=' None', count=0, meta=''), Item(name=' None', count=0, meta=''), Item(name=' None', count=0, meta=''), Item(name=' None', count=0, meta=''), Item(name=' None', count=0, meta=''), Item(name=' None', count=0, meta=''), Item(name=' None', count=0, meta=''), Item(name=' None', count=0, meta=''), Item(name=' None', count=0, meta=''), Item(name=' None', count=0, meta=''), Item(name=' None', count=0, meta=''), Item(name=' None', count=0, meta=''), Item(name=' None', count=0, meta=''), Item(name=' None', count=0, meta=''), Item(name=' None', count=0, meta=''), Item(name=' None', count=0, meta=''), Item(name=' None', count=0, meta=''), Item(name=' None', count=0, meta=''), Item(name=' None', count=0, meta=''), Item(name=' None', count=0, meta=''), Item(name=' None', count=0, meta=''), Item(name=' None', count=0, meta=''), Item(name=' None', count=0, meta=''), Item(name=' None', count=0, meta='')]","Armor Slot 0: None, Count: 0; Armor Slot 1: None, Count: 0; Armor Slot 2: None, Count: 0; Armor Slot 3: None, Count: 0; ","Offhand: None, Count: 0; ",[],"(102.8253659885526, 73.79673560066871, 163.01956758562017)",20.0,20.0,20.0,"[0.06018776604440907, 0.005236628780338021, -0.998173336919796]","('west',)","(6,)","('0 minecraft:air',)","(False,)","('Player is not currently riding anything',)",0.30153472366278034
date,fps,time,plyrName,plyrInventory,plyrArmor,plyrOffhand,plyrStatus,plyrLocation,plyrHealth,plyrHunger,plyrSat,plyrView,plyrFacing,plyrSelectedSlot,plyrSelectedItem,plyrRideState,plyrRideVehicle,plyrMomentum
2025-01-07,83.0,20:04:27.053941400,literal{minecrafter256},"[Item(name=' None', count=0, meta=''), Item(name=' None', count=0, meta=''), Item(name=' None', count=0, meta=''), Item(name=' None', count=0, meta=''), Item(name=' None', count=0, meta=''), Item(name=' None', count=0, meta=''), Item(name=' None', count=0, meta=''), Item(name=' None', count=0, meta=''), Item(name=' None', count=0, meta=''), Item(name=' None', count=0, meta=''), Item(name=' None', count=0, meta=''), Item(name=' None', count=0, meta=''), Item(name=' None', count=0, meta=''), Item(name=' None', count=0, meta=''), Item(name=' None', count=0, meta=''), Item(name=' None', count=0, meta=''), Item(name=' None', count=0, meta=''), Item(name=' None', count=0, meta=''), Item(name=' None', count=0, meta=''), Item(name=' None', count=0, meta=''), Item(name=' None', count=0, meta=''), Item(name=' None', count=0, meta=''), Item(name=' None', count=0, meta=''), Item(name=' None', count=0, meta=''), Item(name=' None', count=0, meta=''), Item(name=' None', count=0, meta=''), Item(name=' None', count=0, meta=''), Item(name=' None', count=0, meta=''), Item(name=' None', count=0, meta=''), Item(name=' None', count=0, meta=''), Item(name=' None', count=0, meta=''), Item(name=' None', count=0, meta=''), Item(name=' None', count=0, meta=''), Item(name=' None', count=0, meta=''), Item(name=' None', count=0, meta=''), Item(name=' None', count=0, meta='')]","Armor Slot 0: None, Count: 0; Armor Slot 1: None, Count: 0; Armor Slot 2: None, Count: 0; Armor Slot 3: None, Count: 0; ","Offhand: None, Count: 0; ",[],"(102.8253659885526, 73.49520087700593, 163.01956758562017)",20.0,20.0,20.0,"[0.06018776604440907, 0.005236628780338021, -0.998173336919796]","('west',)","(6,)","('0 minecraft:air',)","(False,)","('Player is not currently riding anything',)",0.3739040364667221
date,fps,time,plyrName,plyrInventory,plyrArmor,plyrOffhand,plyrStatus,plyrLocation,plyrHealth,plyrHunger,plyrSat,plyrView,plyrFacing,plyrSelectedSlot,plyrSelectedItem,plyrRideState,plyrRideVehicle,plyrMomentum
2025-01-07,83.0,20:04:27.096070700,literal{minecrafter256},"[Item(name=' None', count=0, meta=''), Item(name=' None', count=0, meta=''), Item(name=' None', count=0, meta=''), Item(name=' None', count=0, meta=''), Item(name=' None', count=0, meta=''), Item(name=' None', count=0, meta=''), Item(name=' None', count=0, meta=''), Item(name=' None', count=0, meta=''), Item(name=' None', count=0, meta=''), Item(name=' None', count=0, meta=''), Item(name=' None', count=0, meta=''), Item(name=' None', count=0, meta=''), Item(name=' None', count=0, meta=''), Item(name=' None', count=0, meta=''), Item(name=' None', count=0, meta=''), Item(name=' None', count=0, meta=''), Item(name=' None', count=0, meta=''), Item(name=' None', count=0, meta=''), Item(name=' None', count=0, meta=''), Item(name=' None', count=0, meta=''), Item(name=' None', count=0, meta=''), Item(name=' None', count=0, meta=''), Item(name=' None', count=0, meta=''), Item(name=' None', count=0, meta=''), Item(name=' None', count=0, meta=''), Item(name=' None', count=0, meta=''), Item(name=' None', count=0, meta=''), Item(name=' None', count=0, meta=''), Item(name=' None', count=0, meta=''), Item(name=' None', count=0, meta=''), Item(name=' None', count=0, meta=''), Item(name=' None', count=0, meta=''), Item(name=' None', count=0, meta=''), Item(name=' None', count=0, meta=''), Item(name=' None', count=0, meta=''), Item(name=' None', count=0, meta='')]","Armor Slot 0: None, Count: 0; Armor Slot 1: None, Count: 0; Armor Slot 2: None, Count: 0; Armor Slot 3: None, Count: 0; ","Offhand: None, Count: 0; ",[],"(102.8253659885526, 73.1212968405392, 163.01956758562017)",20.0,20.0,20.0,"[0.06018776604440907, 0.005236628780338021, -0.998173336919796]","('west',)","(6,)","('0 minecraft:air',)","(False,)","('Player is not currently riding anything',)",0.0784000015258789
date,fps,time,plyrName,plyrInventory,plyrArmor,plyrOffhand,plyrStatus,plyrLocation,plyrHealth,plyrHunger,plyrSat,plyrView,plyrFacing,plyrSelectedSlot,plyrSelectedItem,plyrRideState,plyrRideVehicle,plyrMomentum
2025-01-07,83.0,20:04:27.148792600,literal{minecrafter256},"[Item(name=' None', count=0, meta=''), Item(name=' None', count=0, meta=''), Item(name=' None', count=0, meta=''), Item(name=' None', count=0, meta=''), Item(name=' None', count=0, meta=''), Item(name=' None', count=0, meta=''), Item(name=' None', count=0, meta=''), Item(name=' None', count=0, meta=''), Item(name=' None', count=0, meta=''), Item(name=' None', count=0, meta=''), Item(name=' None', count=0, meta=''), Item(name=' None', count=0, meta=''), Item(name=' None', count=0, meta=''), Item(name=' None', count=0, meta=''), Item(name=' None', count=0, meta=''), Item(name=' None', count=0, meta=''), Item(name=' None', count=0, meta=''), Item(name=' None', count=0, meta=''), Item(name=' None', count=0, meta=''), Item(name=' None', count=0, meta=''), Item(name=' None', count=0, meta=''), Item(name=' None', count=0, meta=''), Item(name=' None', count=0, meta=''), Item(name=' None', count=0, meta=''), Item(name=' None', count=0, meta=''), Item(name=' None', count=0, meta=''), Item(name=' None', count=0, meta=''), Item(name=' None', count=0, meta=''), Item(name=' None', count=0, meta=''), Item(name=' None', count=0, meta=''), Item(name=' None', count=0, meta=''), Item(name=' None', count=0, meta=''), Item(name=' None', count=0, meta=''), Item(name=' None', count=0, meta=''), Item(name=' None', count=0, meta=''), Item(name=' None', count=0, meta='')]","Armor Slot 0: None, Count: 0; Armor Slot 1: None, Count: 0; Armor Slot 2: None, Count: 0; Armor Slot 3: None, Count: 0; ","Offhand: None, Count: 0; ",[],"(102.8253659885526, 73.0, 163.01956758562017)",20.0,20.0,20.0,"[0.06018776604440907, 0.005236628780338021, -0.998173336919796]","('west',)","(6,)","('0 minecraft:air',)","(False,)","('Player is not currently riding anything',)",0.0784000015258789
date,fps,time,plyrName,plyrInventory,plyrArmor,plyrOffhand,plyrStatus,plyrLocation,plyrHealth,plyrHunger,plyrSat,plyrView,plyrFacing,plyrSelectedSlot,plyrSelectedItem,plyrRideState,plyrRideVehicle,plyrMomentum
2025-01-07,83.0,20:04:27.193400,literal{minecrafter256},"[Item(name=' None', count=0, meta=''), Item(name=' None', count=0, meta=''), Item(name=' None', count=0, meta=''), Item(name=' None', count=0, meta=''), Item(name=' None', count=0, meta=''), Item(name=' None', count=0, meta=''), Item(name=' None', count=0, meta=''), Item(name=' None', count=0, meta=''), Item(name=' None', count=0, meta=''), Item(name=' None', count=0, meta=''), Item(name=' None', count=0, meta=''), Item(name=' None', count=0, meta=''), Item(name=' None', count=0, meta=''), Item(name=' None', count=0, meta=''), Item(name=' None', count=0, meta=''), Item(name=' None', count=0, meta=''), Item(name=' None', count=0, meta=''), Item(name=' None', count=0, meta=''), Item(name=' None', count=0, meta=''), Item(name=' None', count=0, meta=''), Item(name=' None', count=0, meta=''), Item(name=' None', count=0, meta=''), Item(name=' None', count=0, meta=''), Item(name=' None', count=0, meta=''), Item(name=' None', count=0, meta=''), Item(name=' None', count=0, meta=''), Item(name=' None', count=0, meta=''), Item(name=' None', count=0, meta=''), Item(name=' None', count=0, meta=''), Item(name=' None', count=0, meta=''), Item(name=' None', count=0, meta=''), Item(name=' None', count=0, meta=''), Item(name=' None', count=0, meta=''), Item(name=' None', count=0, meta=''), Item(name=' None', count=0, meta=''), Item(name=' None', count=0, meta='')]","Armor Slot 0: None, Count: 0; Armor Slot 1: None, Count: 0; Armor Slot 2: None, Count: 0; Armor Slot 3: None, Count: 0; ","Offhand: None, Count: 0; ",[],"(102.8253659885526, 73.0, 163.01956758562017)",20.0,20.0,20.0,"[0.06018776604440907, 0.005236628780338021, -0.998173336919796]","('west',)","(6,)","('0 minecraft:air',)","(False,)","('Player is not currently riding anything',)",0.0784000015258789
date,fps,time,plyrName,plyrInventory,plyrArmor,plyrOffhand,plyrStatus,plyrLocation,plyrHealth,plyrHunger,plyrSat,plyrView,plyrFacing,plyrSelectedSlot,plyrSelectedItem,plyrRideState,plyrRideVehicle,plyrMomentum
2025-01-07,83.0,20:04:27.240653100,literal{minecrafter256},"[Item(name=' None', count=0, meta=''), Item(name=' None', count=0, meta=''), Item(name=' None', count=0, meta=''), Item(name=' None', count=0, meta=''), Item(name=' None', count=0, meta=''), Item(name=' None', count=0, meta=''), Item(name=' None', count=0, meta=''), Item(name=' None', count=0, meta=''), Item(name=' None', count=0, meta=''), Item(name=' None', count=0, meta=''), Item(name=' None', count=0, meta=''), Item(name=' None', count=0, meta=''), Item(name=' None', count=0, meta=''), Item(name=' None', count=0, meta=''), Item(name=' None', count=0, meta=''), Item(name=' None', count=0, meta=''), Item(name=' None', count=0, meta=''), Item(name=' None', count=0, meta=''), Item(name=' None', count=0, meta=''), Item(name=' None', count=0, meta=''), Item(name=' None', count=0, meta=''), Item(name=' None', count=0, meta=''), Item(name=' None', count=0, meta=''), Item(name=' None', count=0, meta=''), Item(name=' None', count=0, meta=''), Item(name=' None', count=0, meta=''), Item(name=' None', count=0, meta=''), Item(name=' None', count=0, meta=''), Item(name=' None', count=0, meta=''), Item(name=' None', count=0, meta=''), Item(name=' None', count=0, meta=''), Item(name=' None', count=0, meta=''), Item(name=' None', count=0, meta=''), Item(name=' None', count=0, meta=''), Item(name=' None', count=0, meta=''), Item(name=' None', count=0, meta='')]","Armor Slot 0: None, Count: 0; Armor Slot 1: None, Count: 0; Armor Slot 2: None, Count: 0; Armor Slot 3: None, Count: 0; ","Offhand: None, Count: 0; ",[],"(102.8253659885526, 73.0, 163.01956758562017)",20.0,20.0,20.0,"[0.06018776604440907, 0.005236628780338021, -0.998173336919796]","('west',)","(6,)","('0 minecraft:air',)","(False,)","('Player is not currently riding anything',)",0.0784000015258789
date,fps,time,plyrName,plyrInventory,plyrArmor,plyrOffhand,plyrStatus,plyrLocation,plyrHealth,plyrHunger,plyrSat,plyrView,plyrFacing,plyrSelectedSlot,plyrSelectedItem,plyrRideState,plyrRideVehicle,plyrMomentum
2025-01-07,83.0,20:04:27.289983200,literal{minecrafter256},"[Item(name=' None', count=0, meta=''), Item(name=' None', count=0, meta=''), Item(name=' None', count=0, meta=''), Item(name=' None', count=0, meta=''), Item(name=' None', count=0, meta=''), Item(name=' None', count=0, meta=''), Item(name=' None', count=0, meta=''), Item(name=' None', count=0, meta=''), Item(name=' None', count=0, meta=''), Item(name=' None', count=0, meta=''), Item(name=' None', count=0, meta=''), Item(name=' None', count=0, meta=''), Item(name=' None', count=0, meta=''), Item(name=' None', count=0, meta=''), Item(name=' None', count=0, meta=''), Item(name=' None', count=0, meta=''), Item(name=' None', count=0, meta=''), Item(name=' None', count=0, meta=''), Item(name=' None', count=0, meta=''), Item(name=' None', count=0, meta=''), Item(name=' None', count=0, meta=''), Item(name=' None', count=0, meta=''), Item(name=' None', count=0, meta=''), Item(name=' None', count=0, meta=''), Item(name=' None', count=0, meta=''), Item(name=' None', count=0, meta=''), Item(name=' None', count=0, meta=''), Item(name=' None', count=0, meta=''), Item(name=' None', count=0, meta=''), Item(name=' None', count=0, meta=''), Item(name=' None', count=0, meta=''), Item(name=' None', count=0, meta=''), Item(name=' None', count=0, meta=''), Item(name=' None', count=0, meta=''), Item(name=' None', count=0, meta=''), Item(name=' None', count=0, meta='')]","Armor Slot 0: None, Count: 0; Armor Slot 1: None, Count: 0; Armor Slot 2: None, Count: 0; Armor Slot 3: None, Count: 0; ","Offhand: None, Count: 0; ",[],"(102.8253659885526, 73.0, 163.01956758562017)",20.0,20.0,20.0,"[0.06018776604440907, 0.005236628780338021, -0.998173336919796]","('west',)","(6,)","('0 minecraft:air',)","(False,)","('Player is not currently riding anything',)",0.0784000015258789
date,fps,time,plyrName,plyrInventory,plyrArmor,plyrOffhand,plyrStatus,plyrLocation,plyrHealth,plyrHunger,plyrSat,plyrView,plyrFacing,plyrSelectedSlot,plyrSelectedItem,plyrRideState,plyrRideVehicle,plyrMomentum
2025-01-07,83.0,20:04:27.343667100,literal{minecrafter256},"[Item(name=' None', count=0, meta=''), Item(name=' None', count=0, meta=''), Item(name=' None', count=0, meta=''), Item(name=' None', count=0, meta=''), Item(name=' None', count=0, meta=''), Item(name=' None', count=0, meta=''), Item(name=' None', count=0, meta=''), Item(name=' None', count=0, meta=''), Item(name=' None', count=0, meta=''), Item(name=' None', count=0, meta=''), Item(name=' None', count=0, meta=''), Item(name=' None', count=0, meta=''), Item(name=' None', count=0, meta=''), Item(name=' None', count=0, meta=''), Item(name=' None', count=0, meta=''), Item(name=' None', count=0, meta=''), Item(name=' None', count=0, meta=''), Item(name=' None', count=0, meta=''), Item(name=' None', count=0, meta=''), Item(name=' None', count=0, meta=''), Item(name=' None', count=0, meta=''), Item(name=' None', count=0, meta=''), Item(name=' None', count=0, meta=''), Item(name=' None', count=0, meta=''), Item(name=' None', count=0, meta=''), Item(name=' None', count=0, meta=''), Item(name=' None', count=0, meta=''), Item(name=' None', count=0, meta=''), Item(name=' None', count=0, meta=''), Item(name=' None', count=0, meta=''), Item(name=' None', count=0, meta=''), Item(name=' None', count=0, meta=''), Item(name=' None', count=0, meta=''), Item(name=' None', count=0, meta=''), Item(name=' None', count=0, meta=''), Item(name=' None', count=0, meta='')]","Armor Slot 0: None, Count: 0; Armor Slot 1: None, Count: 0; Armor Slot 2: None, Count: 0; Armor Slot 3: None, Count: 0; ","Offhand: None, Count: 0; ",[],"(102.8253659885526, 73.0, 163.01956758562017)",20.0,20.0,20.0,"[0.06018776604440907, 0.005236628780338021, -0.998173336919796]","('west',)","(6,)","('0 minecraft:air',)","(False,)","('Player is not currently riding anything',)",0.0784000015258789
